case_id,process_name,process_id,service_name,service_id,activity,timestamp,resource,lifecycle,outcome,application_status,duration_hours,variant
P1-C0001,Residence Permit Application and Additional Document Process,P1,Residence Permit Application Service,S2,Submit Residence Permit Application,2026-07-28T11:30:36Z,Citizen,complete,in_progress,pending,0.51,V1_DirectApproval
P1-C0001,Residence Permit Application and Additional Document Process,P1,Residence Permit Application Service,S2,Validate Identity,2026-07-28T15:34:12Z,Public Security Department,complete,in_progress,pending,4.06,V1_DirectApproval
P1-C0001,Residence Permit Application and Additional Document Process,P1,Residence Permit Application Service,S2,Check Submitted Documents,2026-07-28T21:49:48Z,Public Security Department,complete,in_progress,pending,6.26,V1_DirectApproval
P1-C0001,Residence Permit Application and Additional Document Process,P1,Residence Permit Application Service,S2,Review Application,2026-08-01T04:08:24Z,Public Security Department,complete,in_progress,under_review,78.31,V1_DirectApproval
P1-C0001,Residence Permit Application and Additional Document Process,P1,Residence Permit Application Service,S2,Approve Application,2026-08-01T10:53:24Z,Public Security Department,complete,approved,approved,6.75,V1_DirectApproval
P1-C0001,Residence Permit Application and Additional Document Process,P1,Residence Permit Application Service,S2,Notify Applicant,2026-08-01T11:26:24Z,CityStart Platform,complete,in_progress,approved,0.55,V1_DirectApproval
P1-C0002,Residence Permit Application and Additional Document Process,P1,Residence Permit Application Service,S2,Submit Residence Permit Application,2026-07-23T13:28:12Z,Citizen,complete,in_progress,pending,0.47,V1_DirectApproval
P1-C0002,Residence Permit Application and Additional Document Process,P1,Residence Permit Application Service,S2,Validate Identity,2026-07-23T15:28:12Z,Public Security Department,complete,in_progress,pending,2.0,V1_DirectApproval
P1-C0002,Residence Permit Application and Additional Document Process,P1,Residence Permit Application Service,S2,Check Submitted Documents,2026-07-24T08:55:12Z,Public Security Department,complete,in_progress,pending,17.45,V1_DirectApproval
P1-C0002,Residence Permit Application and Additional Document Process,P1,Residence Permit Application Service,S2,Review Application,2026-07-28T10:45:36Z,Public Security Department,complete,in_progress,under_review,97.84,V1_DirectApproval
P1-C0002,Residence Permit Application and Additional Document Process,P1,Residence Permit Application Service,S2,Approve Application,2026-07-28T16:59:24Z,Public Security Department,complete,approved,approved,6.23,V1_DirectApproval
P1-C0002,Residence Permit Application and Additional Document Process,P1,Residence Permit Application Service,S2,Notify Applicant,2026-07-28T17:43:12Z,CityStart Platform,complete,in_progress,approved,0.73,V1_DirectApproval
P1-C0003,Residence Permit Application and Additional Document Process,P1,Residence Permit Application Service,S2,Submit Residence Permit Application,2026-07-01T18:14:24Z,Citizen,complete,in_progress,pending,1.24,V1_DirectApproval
P1-C0003,Residence Permit Application and Additional Document Process,P1,Residence Permit Application Service,S2,Validate Identity,2026-07-01T22:37:12Z,Public Security Department,complete,in_progress,pending,4.38,V1_DirectApproval
P1-C0003,Residence Permit Application and Additional Document Process,P1,Residence Permit Application Service,S2,Check Submitted Documents,2026-07-02T05:34:12Z,Public Security Department,complete,in_progress,pending,6.95,V1_DirectApproval
P1-C0003,Residence Permit Application and Additional Document Process,P1,Residence Permit Application Service,S2,Review Application,2026-07-05T20:07:48Z,Public Security Department,complete,in_progress,under_review,86.56,V1_DirectApproval
P1-C0003,Residence Permit Application and Additional Document Process,P1,Residence Permit Application Service,S2,Approve Application,2026-07-06T02:00:36Z,Public Security Department,complete,approved,approved,5.88,V1_DirectApproval
P1-C0003,Residence Permit Application and Additional Document Process,P1,Residence Permit Application Service,S2,Notify Applicant,2026-07-06T02:46:12Z,CityStart Platform,complete,in_progress,approved,0.76,V1_DirectApproval
P1-C0004,Residence Permit Application and Additional Document Process,P1,Residence Permit Application Service,S2,Submit Residence Permit Application,2026-07-25T10:48:00Z,Citizen,complete,in_progress,pending,0.8,V1_DirectApproval
P1-C0004,Residence Permit Application and Additional Document Process,P1,Residence Permit Application Service,S2,Validate Identity,2026-07-25T12:30:36Z,Public Security Department,complete,in_progress,pending,1.71,V1_DirectApproval
P1-C0004,Residence Permit Application and Additional Document Process,P1,Residence Permit Application Service,S2,Check Submitted Documents,2026-07-26T08:20:24Z,Public Security Department,complete,in_progress,pending,19.83,V1_DirectApproval
P1-C0004,Residence Permit Application and Additional Document Process,P1,Residence Permit Application Service,S2,Review Application,2026-08-01T23:47:24Z,Public Security Department,complete,in_progress,under_review,159.45,V1_DirectApproval
P1-C0004,Residence Permit Application and Additional Document Process,P1,Residence Permit Application Service,S2,Approve Application,2026-08-02T05:03:00Z,Public Security Department,complete,approved,approved,5.26,V1_DirectApproval
P1-C0004,Residence Permit Application and Additional Document Process,P1,Residence Permit Application Service,S2,Notify Applicant,2026-08-02T05:30:36Z,CityStart Platform,complete,in_progress,approved,0.46,V1_DirectApproval
P1-C0005,Residence Permit Application and Additional Document Process,P1,Residence Permit Application Service,S2,Submit Residence Permit Application,2026-07-22T16:27:00Z,Citizen,complete,in_progress,pending,0.45,V1_DirectApproval
P1-C0005,Residence Permit Application and Additional Document Process,P1,Residence Permit Application Service,S2,Validate Identity,2026-07-22T20:58:12Z,Public Security Department,complete,in_progress,pending,4.52,V1_DirectApproval
P1-C0005,Residence Permit Application and Additional Document Process,P1,Residence Permit Application Service,S2,Check Submitted Documents,2026-07-23T09:30:36Z,Public Security Department,complete,in_progress,pending,12.54,V1_DirectApproval
P1-C0005,Residence Permit Application and Additional Document Process,P1,Residence Permit Application Service,S2,Review Application,2026-07-25T22:48:00Z,Public Security Department,complete,in_progress,under_review,61.29,V1_DirectApproval
P1-C0005,Residence Permit Application and Additional Document Process,P1,Residence Permit Application Service,S2,Approve Application,2026-07-26T04:57:00Z,Public Security Department,complete,approved,approved,6.15,V1_DirectApproval
P1-C0005,Residence Permit Application and Additional Document Process,P1,Residence Permit Application Service,S2,Notify Applicant,2026-07-26T05:30:00Z,CityStart Platform,complete,in_progress,approved,0.55,V1_DirectApproval
P1-C0006,Residence Permit Application and Additional Document Process,P1,Residence Permit Application Service,S2,Submit Residence Permit Application,2026-07-29T10:30:36Z,Citizen,complete,in_progress,pending,0.51,V1_DirectApproval
P1-C0006,Residence Permit Application and Additional Document Process,P1,Residence Permit Application Service,S2,Validate Identity,2026-07-29T12:13:48Z,Public Security Department,complete,in_progress,pending,1.72,V1_DirectApproval
P1-C0006,Residence Permit Application and Additional Document Process,P1,Residence Permit Application Service,S2,Check Submitted Documents,2026-07-29T19:33:00Z,Public Security Department,complete,in_progress,pending,7.32,V1_DirectApproval
P1-C0006,Residence Permit Application and Additional Document Process,P1,Residence Permit Application Service,S2,Review Application,2026-08-02T15:12:00Z,Public Security Department,complete,in_progress,under_review,91.65,V1_DirectApproval
P1-C0006,Residence Permit Application and Additional Document Process,P1,Residence Permit Application Service,S2,Approve Application,2026-08-02T20:18:00Z,Public Security Department,complete,approved,approved,5.1,V1_DirectApproval
P1-C0006,Residence Permit Application and Additional Document Process,P1,Residence Permit Application Service,S2,Notify Applicant,2026-08-02T20:55:48Z,CityStart Platform,complete,in_progress,approved,0.63,V1_DirectApproval
P1-C0007,Residence Permit Application and Additional Document Process,P1,Residence Permit Application Service,S2,Submit Residence Permit Application,2026-07-13T15:43:48Z,Citizen,complete,in_progress,pending,0.73,V1_DirectApproval
P1-C0007,Residence Permit Application and Additional Document Process,P1,Residence Permit Application Service,S2,Validate Identity,2026-07-13T21:08:24Z,Public Security Department,complete,in_progress,pending,5.41,V1_DirectApproval
P1-C0007,Residence Permit Application and Additional Document Process,P1,Residence Permit Application Service,S2,Check Submitted Documents,2026-07-14T12:40:48Z,Public Security Department,complete,in_progress,pending,15.54,V1_DirectApproval
P1-C0007,Residence Permit Application and Additional Document Process,P1,Residence Permit Application Service,S2,Review Application,2026-07-21T04:45:36Z,Public Security Department,complete,in_progress,under_review,160.08,V1_DirectApproval
P1-C0007,Residence Permit Application and Additional Document Process,P1,Residence Permit Application Service,S2,Approve Application,2026-07-21T14:15:00Z,Public Security Department,complete,approved,approved,9.49,V1_DirectApproval
P1-C0007,Residence Permit Application and Additional Document Process,P1,Residence Permit Application Service,S2,Notify Applicant,2026-07-21T14:28:12Z,CityStart Platform,complete,in_progress,approved,0.22,V1_DirectApproval
P1-C0008,Residence Permit Application and Additional Document Process,P1,Residence Permit Application Service,S2,Submit Residence Permit Application,2026-07-10T16:37:48Z,Citizen,complete,in_progress,pending,0.63,V1_DirectApproval
P1-C0008,Residence Permit Application and Additional Document Process,P1,Residence Permit Application Service,S2,Validate Identity,2026-07-10T17:54:36Z,Public Security Department,complete,in_progress,pending,1.28,V1_DirectApproval
P1-C0008,Residence Permit Application and Additional Document Process,P1,Residence Permit Application Service,S2,Check Submitted Documents,2026-07-11T00:18:00Z,Public Security Department,complete,in_progress,pending,6.39,V1_DirectApproval
P1-C0008,Residence Permit Application and Additional Document Process,P1,Residence Permit Application Service,S2,Review Application,2026-07-14T18:54:00Z,Public Security Department,complete,in_progress,under_review,90.6,V1_DirectApproval
P1-C0008,Residence Permit Application and Additional Document Process,P1,Residence Permit Application Service,S2,Approve Application,2026-07-15T02:06:00Z,Public Security Department,complete,approved,approved,7.2,V1_DirectApproval
P1-C0008,Residence Permit Application and Additional Document Process,P1,Residence Permit Application Service,S2,Notify Applicant,2026-07-15T02:33:36Z,CityStart Platform,complete,in_progress,approved,0.46,V1_DirectApproval
P1-C0009,Residence Permit Application and Additional Document Process,P1,Residence Permit Application Service,S2,Submit Residence Permit Application,2026-07-02T13:22:12Z,Citizen,complete,in_progress,pending,0.37,V1_DirectApproval
P1-C0009,Residence Permit Application and Additional Document Process,P1,Residence Permit Application Service,S2,Validate Identity,2026-07-02T16:10:48Z,Public Security Department,complete,in_progress,pending,2.81,V1_DirectApproval
P1-C0009,Residence Permit Application and Additional Document Process,P1,Residence Permit Application Service,S2,Check Submitted Documents,2026-07-03T02:01:48Z,Public Security Department,complete,in_progress,pending,9.85,V1_DirectApproval
P1-C0009,Residence Permit Application and Additional Document Process,P1,Residence Permit Application Service,S2,Review Application,2026-07-08T15:16:48Z,Public Security Department,complete,in_progress,under_review,133.25,V1_DirectApproval
P1-C0009,Residence Permit Application and Additional Document Process,P1,Residence Permit Application Service,S2,Approve Application,2026-07-08T22:21:36Z,Public Security Department,complete,approved,approved,7.08,V1_DirectApproval
P1-C0009,Residence Permit Application and Additional Document Process,P1,Residence Permit Application Service,S2,Notify Applicant,2026-07-08T23:06:36Z,CityStart Platform,complete,in_progress,approved,0.75,V1_DirectApproval
P1-C0010,Residence Permit Application and Additional Document Process,P1,Residence Permit Application Service,S2,Submit Residence Permit Application,2026-07-22T11:24:36Z,Citizen,complete,in_progress,pending,0.41,V1_DirectApproval
P1-C0010,Residence Permit Application and Additional Document Process,P1,Residence Permit Application Service,S2,Validate Identity,2026-07-22T17:36:00Z,Public Security Department,complete,in_progress,pending,6.19,V1_DirectApproval
P1-C0010,Residence Permit Application and Additional Document Process,P1,Residence Permit Application Service,S2,Check Submitted Documents,2026-07-23T01:59:24Z,Public Security Department,complete,in_progress,pending,8.39,V1_DirectApproval
P1-C0010,Residence Permit Application and Additional Document Process,P1,Residence Permit Application Service,S2,Review Application,2026-07-25T19:21:00Z,Public Security Department,complete,in_progress,under_review,65.36,V1_DirectApproval
P1-C0010,Residence Permit Application and Additional Document Process,P1,Residence Permit Application Service,S2,Approve Application,2026-07-26T04:10:48Z,Public Security Department,complete,approved,approved,8.83,V1_DirectApproval
P1-C0010,Residence Permit Application and Additional Document Process,P1,Residence Permit Application Service,S2,Notify Applicant,2026-07-26T04:42:36Z,CityStart Platform,complete,in_progress,approved,0.53,V1_DirectApproval
P1-C0011,Residence Permit Application and Additional Document Process,P1,Residence Permit Application Service,S2,Submit Residence Permit Application,2026-07-18T12:42:36Z,Citizen,complete,in_progress,pending,0.71,V1_DirectApproval
P1-C0011,Residence Permit Application and Additional Document Process,P1,Residence Permit Application Service,S2,Validate Identity,2026-07-18T14:28:48Z,Public Security Department,complete,in_progress,pending,1.77,V1_DirectApproval
P1-C0011,Residence Permit Application and Additional Document Process,P1,Residence Permit Application Service,S2,Check Submitted Documents,2026-07-19T00:10:48Z,Public Security Department,complete,in_progress,pending,9.7,V1_DirectApproval
P1-C0011,Residence Permit Application and Additional Document Process,P1,Residence Permit Application Service,S2,Review Application,2026-07-22T08:21:36Z,Public Security Department,complete,in_progress,under_review,80.18,V1_DirectApproval
P1-C0011,Residence Permit Application and Additional Document Process,P1,Residence Permit Application Service,S2,Approve Application,2026-07-22T14:39:36Z,Public Security Department,complete,approved,approved,6.3,V1_DirectApproval
P1-C0011,Residence Permit Application and Additional Document Process,P1,Residence Permit Application Service,S2,Notify Applicant,2026-07-22T14:58:12Z,CityStart Platform,complete,in_progress,approved,0.31,V1_DirectApproval
P1-C0012,Residence Permit Application and Additional Document Process,P1,Residence Permit Application Service,S2,Submit Residence Permit Application,2026-07-19T16:27:00Z,Citizen,complete,in_progress,pending,0.45,V1_DirectApproval
P1-C0012,Residence Permit Application and Additional Document Process,P1,Residence Permit Application Service,S2,Validate Identity,2026-07-19T18:48:00Z,Public Security Department,complete,in_progress,pending,2.35,V1_DirectApproval
P1-C0012,Residence Permit Application and Additional Document Process,P1,Residence Permit Application Service,S2,Check Submitted Documents,2026-07-20T10:06:00Z,Public Security Department,complete,in_progress,pending,15.3,V1_DirectApproval
P1-C0012,Residence Permit Application and Additional Document Process,P1,Residence Permit Application Service,S2,Review Application,2026-07-25T01:27:36Z,Public Security Department,complete,in_progress,under_review,111.36,V1_DirectApproval
P1-C0012,Residence Permit Application and Additional Document Process,P1,Residence Permit Application Service,S2,Approve Application,2026-07-25T05:42:00Z,Public Security Department,complete,approved,approved,4.24,V1_DirectApproval
P1-C0012,Residence Permit Application and Additional Document Process,P1,Residence Permit Application Service,S2,Notify Applicant,2026-07-25T06:09:00Z,CityStart Platform,complete,in_progress,approved,0.45,V1_DirectApproval
P1-C0013,Residence Permit Application and Additional Document Process,P1,Residence Permit Application Service,S2,Submit Residence Permit Application,2026-07-27T17:15:00Z,Citizen,complete,in_progress,pending,0.25,V1_DirectApproval
P1-C0013,Residence Permit Application and Additional Document Process,P1,Residence Permit Application Service,S2,Validate Identity,2026-07-27T21:07:48Z,Public Security Department,complete,in_progress,pending,3.88,V1_DirectApproval
P1-C0013,Residence Permit Application and Additional Document Process,P1,Residence Permit Application Service,S2,Check Submitted Documents,2026-07-28T16:54:00Z,Public Security Department,complete,in_progress,pending,19.77,V1_DirectApproval
P1-C0013,Residence Permit Application and Additional Document Process,P1,Residence Permit Application Service,S2,Review Application,2026-08-03T10:19:48Z,Public Security Department,complete,in_progress,under_review,137.43,V1_DirectApproval
P1-C0013,Residence Permit Application and Additional Document Process,P1,Residence Permit Application Service,S2,Approve Application,2026-08-03T15:52:12Z,Public Security Department,complete,approved,approved,5.54,V1_DirectApproval
P1-C0013,Residence Permit Application and Additional Document Process,P1,Residence Permit Application Service,S2,Notify Applicant,2026-08-03T16:07:12Z,CityStart Platform,complete,in_progress,approved,0.25,V1_DirectApproval
P1-C0014,Residence Permit Application and Additional Document Process,P1,Residence Permit Application Service,S2,Submit Residence Permit Application,2026-07-02T15:25:12Z,Citizen,complete,in_progress,pending,1.42,V1_DirectApproval
P1-C0014,Residence Permit Application and Additional Document Process,P1,Residence Permit Application Service,S2,Validate Identity,2026-07-02T18:51:00Z,Public Security Department,complete,in_progress,pending,3.43,V1_DirectApproval
P1-C0014,Residence Permit Application and Additional Document Process,P1,Residence Permit Application Service,S2,Check Submitted Documents,2026-07-03T06:09:00Z,Public Security Department,complete,in_progress,pending,11.3,V1_DirectApproval
P1-C0014,Residence Permit Application and Additional Document Process,P1,Residence Permit Application Service,S2,Review Application,2026-07-06T01:39:36Z,Public Security Department,complete,in_progress,under_review,67.51,V1_DirectApproval
P1-C0014,Residence Permit Application and Additional Document Process,P1,Residence Permit Application Service,S2,Approve Application,2026-07-06T07:12:36Z,Public Security Department,complete,approved,approved,5.55,V1_DirectApproval
P1-C0014,Residence Permit Application and Additional Document Process,P1,Residence Permit Application Service,S2,Notify Applicant,2026-07-06T07:36:36Z,CityStart Platform,complete,in_progress,approved,0.4,V1_DirectApproval
P1-C0015,Residence Permit Application and Additional Document Process,P1,Residence Permit Application Service,S2,Submit Residence Permit Application,2026-07-15T11:24:36Z,Citizen,complete,in_progress,pending,0.41,V1_DirectApproval
P1-C0015,Residence Permit Application and Additional Document Process,P1,Residence Permit Application Service,S2,Validate Identity,2026-07-15T15:44:24Z,Public Security Department,complete,in_progress,pending,4.33,V1_DirectApproval
P1-C0015,Residence Permit Application and Additional Document Process,P1,Residence Permit Application Service,S2,Check Submitted Documents,2026-07-16T00:12:36Z,Public Security Department,complete,in_progress,pending,8.47,V1_DirectApproval
P1-C0015,Residence Permit Application and Additional Document Process,P1,Residence Permit Application Service,S2,Review Application,2026-07-20T06:13:48Z,Public Security Department,complete,in_progress,under_review,102.02,V1_DirectApproval
P1-C0015,Residence Permit Application and Additional Document Process,P1,Residence Permit Application Service,S2,Approve Application,2026-07-20T11:49:12Z,Public Security Department,complete,approved,approved,5.59,V1_DirectApproval
P1-C0015,Residence Permit Application and Additional Document Process,P1,Residence Permit Application Service,S2,Notify Applicant,2026-07-20T12:18:36Z,CityStart Platform,complete,in_progress,approved,0.49,V1_DirectApproval
P1-C0016,Residence Permit Application and Additional Document Process,P1,Residence Permit Application Service,S2,Submit Residence Permit Application,2026-07-09T15:15:00Z,Citizen,complete,in_progress,pending,1.25,V1_DirectApproval
P1-C0016,Residence Permit Application and Additional Document Process,P1,Residence Permit Application Service,S2,Validate Identity,2026-07-09T21:21:36Z,Public Security Department,complete,in_progress,pending,6.11,V1_DirectApproval
P1-C0016,Residence Permit Application and Additional Document Process,P1,Residence Permit Application Service,S2,Check Submitted Documents,2026-07-10T05:25:48Z,Public Security Department,complete,in_progress,pending,8.07,V1_DirectApproval
P1-C0016,Residence Permit Application and Additional Document Process,P1,Residence Permit Application Service,S2,Review Application,2026-07-14T13:45:36Z,Public Security Department,complete,in_progress,under_review,104.33,V1_DirectApproval
P1-C0016,Residence Permit Application and Additional Document Process,P1,Residence Permit Application Service,S2,Approve Application,2026-07-14T23:15:36Z,Public Security Department,complete,approved,approved,9.5,V1_DirectApproval
P1-C0016,Residence Permit Application and Additional Document Process,P1,Residence Permit Application Service,S2,Notify Applicant,2026-07-14T23:45:00Z,CityStart Platform,complete,in_progress,approved,0.49,V1_DirectApproval
P1-C0017,Residence Permit Application and Additional Document Process,P1,Residence Permit Application Service,S2,Submit Residence Permit Application,2026-07-09T13:34:48Z,Citizen,complete,in_progress,pending,0.58,V1_DirectApproval
P1-C0017,Residence Permit Application and Additional Document Process,P1,Residence Permit Application Service,S2,Validate Identity,2026-07-09T18:14:24Z,Public Security Department,complete,in_progress,pending,4.66,V1_DirectApproval
P1-C0017,Residence Permit Application and Additional Document Process,P1,Residence Permit Application Service,S2,Check Submitted Documents,2026-07-10T11:44:24Z,Public Security Department,complete,in_progress,pending,17.5,V1_DirectApproval
P1-C0017,Residence Permit Application and Additional Document Process,P1,Residence Permit Application Service,S2,Review Application,2026-07-14T15:54:00Z,Public Security Department,complete,in_progress,under_review,100.16,V1_DirectApproval
P1-C0017,Residence Permit Application and Additional Document Process,P1,Residence Permit Application Service,S2,Approve Application,2026-07-14T23:15:36Z,Public Security Department,complete,approved,approved,7.36,V1_DirectApproval
P1-C0017,Residence Permit Application and Additional Document Process,P1,Residence Permit Application Service,S2,Notify Applicant,2026-07-14T23:58:12Z,CityStart Platform,complete,in_progress,approved,0.71,V1_DirectApproval
P1-C0018,Residence Permit Application and Additional Document Process,P1,Residence Permit Application Service,S2,Submit Residence Permit Application,2026-07-26T12:59:24Z,Citizen,complete,in_progress,pending,0.99,V1_DirectApproval
P1-C0018,Residence Permit Application and Additional Document Process,P1,Residence Permit Application Service,S2,Validate Identity,2026-07-26T15:41:24Z,Public Security Department,complete,in_progress,pending,2.7,V1_DirectApproval
P1-C0018,Residence Permit Application and Additional Document Process,P1,Residence Permit Application Service,S2,Check Submitted Documents,2026-07-26T21:22:12Z,Public Security Department,complete,in_progress,pending,5.68,V1_DirectApproval
P1-C0018,Residence Permit Application and Additional Document Process,P1,Residence Permit Application Service,S2,Review Application,2026-07-31T18:07:12Z,Public Security Department,complete,in_progress,under_review,116.75,V1_DirectApproval
P1-C0018,Residence Permit Application and Additional Document Process,P1,Residence Permit Application Service,S2,Approve Application,2026-08-01T01:23:24Z,Public Security Department,complete,approved,approved,7.27,V1_DirectApproval
P1-C0018,Residence Permit Application and Additional Document Process,P1,Residence Permit Application Service,S2,Notify Applicant,2026-08-01T01:54:36Z,CityStart Platform,complete,in_progress,approved,0.52,V1_DirectApproval
P1-C0019,Residence Permit Application and Additional Document Process,P1,Residence Permit Application Service,S2,Submit Residence Permit Application,2026-07-16T13:43:48Z,Citizen,complete,in_progress,pending,0.73,V1_DirectApproval
P1-C0019,Residence Permit Application and Additional Document Process,P1,Residence Permit Application Service,S2,Validate Identity,2026-07-16T15:25:12Z,Public Security Department,complete,in_progress,pending,1.69,V1_DirectApproval
P1-C0019,Residence Permit Application and Additional Document Process,P1,Residence Permit Application Service,S2,Check Submitted Documents,2026-07-16T22:17:24Z,Public Security Department,complete,in_progress,pending,6.87,V1_DirectApproval
P1-C0019,Residence Permit Application and Additional Document Process,P1,Residence Permit Application Service,S2,Review Application,2026-07-20T05:28:48Z,Public Security Department,complete,in_progress,under_review,79.19,V1_DirectApproval
P1-C0019,Residence Permit Application and Additional Document Process,P1,Residence Permit Application Service,S2,Approve Application,2026-07-20T12:01:12Z,Public Security Department,complete,approved,approved,6.54,V1_DirectApproval
P1-C0019,Residence Permit Application and Additional Document Process,P1,Residence Permit Application Service,S2,Notify Applicant,2026-07-20T12:48:36Z,CityStart Platform,complete,in_progress,approved,0.79,V1_DirectApproval
P1-C0020,Residence Permit Application and Additional Document Process,P1,Residence Permit Application Service,S2,Submit Residence Permit Application,2026-07-31T18:16:48Z,Citizen,complete,in_progress,pending,1.28,V1_DirectApproval
P1-C0020,Residence Permit Application and Additional Document Process,P1,Residence Permit Application Service,S2,Validate Identity,2026-07-31T20:06:00Z,Public Security Department,complete,in_progress,pending,1.82,V1_DirectApproval
P1-C0020,Residence Permit Application and Additional Document Process,P1,Residence Permit Application Service,S2,Check Submitted Documents,2026-08-01T09:56:24Z,Public Security Department,complete,in_progress,pending,13.84,V1_DirectApproval
P1-C0020,Residence Permit Application and Additional Document Process,P1,Residence Permit Application Service,S2,Review Application,2026-08-04T02:16:12Z,Public Security Department,complete,in_progress,under_review,64.33,V1_DirectApproval
P1-C0020,Residence Permit Application and Additional Document Process,P1,Residence Permit Application Service,S2,Approve Application,2026-08-04T07:10:12Z,Public Security Department,complete,approved,approved,4.9,V1_DirectApproval
P1-C0020,Residence Permit Application and Additional Document Process,P1,Residence Permit Application Service,S2,Notify Applicant,2026-08-04T07:46:12Z,CityStart Platform,complete,in_progress,approved,0.6,V1_DirectApproval
P1-C0021,Residence Permit Application and Additional Document Process,P1,Residence Permit Application Service,S2,Submit Residence Permit Application,2026-07-21T10:21:00Z,Citizen,complete,in_progress,pending,0.35,V1_DirectApproval
P1-C0021,Residence Permit Application and Additional Document Process,P1,Residence Permit Application Service,S2,Validate Identity,2026-07-21T11:50:24Z,Public Security Department,complete,in_progress,pending,1.49,V1_DirectApproval
P1-C0021,Residence Permit Application and Additional Document Process,P1,Residence Permit Application Service,S2,Check Submitted Documents,2026-07-21T20:02:24Z,Public Security Department,complete,in_progress,pending,8.2,V1_DirectApproval
P1-C0021,Residence Permit Application and Additional Document Process,P1,Residence Permit Application Service,S2,Review Application,2026-07-28T01:09:00Z,Public Security Department,complete,in_progress,under_review,149.11,V1_DirectApproval
P1-C0021,Residence Permit Application and Additional Document Process,P1,Residence Permit Application Service,S2,Approve Application,2026-07-28T09:55:48Z,Public Security Department,complete,approved,approved,8.78,V1_DirectApproval
P1-C0021,Residence Permit Application and Additional Document Process,P1,Residence Permit Application Service,S2,Notify Applicant,2026-07-28T10:22:48Z,CityStart Platform,complete,in_progress,approved,0.45,V1_DirectApproval
P1-C0022,Residence Permit Application and Additional Document Process,P1,Residence Permit Application Service,S2,Submit Residence Permit Application,2026-07-04T13:24:00Z,Citizen,complete,in_progress,pending,0.4,V1_DirectApproval
P1-C0022,Residence Permit Application and Additional Document Process,P1,Residence Permit Application Service,S2,Validate Identity,2026-07-04T17:47:24Z,Public Security Department,complete,in_progress,pending,4.39,V1_DirectApproval
P1-C0022,Residence Permit Application and Additional Document Process,P1,Residence Permit Application Service,S2,Check Submitted Documents,2026-07-05T07:35:24Z,Public Security Department,complete,in_progress,pending,13.8,V1_DirectApproval
P1-C0022,Residence Permit Application and Additional Document Process,P1,Residence Permit Application Service,S2,Review Application,2026-07-08T22:04:12Z,Public Security Department,complete,in_progress,under_review,86.48,V1_DirectApproval
P1-C0022,Residence Permit Application and Additional Document Process,P1,Residence Permit Application Service,S2,Approve Application,2026-07-09T05:12:00Z,Public Security Department,complete,approved,approved,7.13,V1_DirectApproval
P1-C0022,Residence Permit Application and Additional Document Process,P1,Residence Permit Application Service,S2,Notify Applicant,2026-07-09T05:52:48Z,CityStart Platform,complete,in_progress,approved,0.68,V1_DirectApproval
P1-C0023,Residence Permit Application and Additional Document Process,P1,Residence Permit Application Service,S2,Submit Residence Permit Application,2026-07-14T15:31:48Z,Citizen,complete,in_progress,pending,0.53,V1_DirectApproval
P1-C0023,Residence Permit Application and Additional Document Process,P1,Residence Permit Application Service,S2,Validate Identity,2026-07-14T16:39:00Z,Public Security Department,complete,in_progress,pending,1.12,V1_DirectApproval
P1-C0023,Residence Permit Application and Additional Document Process,P1,Residence Permit Application Service,S2,Check Submitted Documents,2026-07-15T10:16:12Z,Public Security Department,complete,in_progress,pending,17.62,V1_DirectApproval
P1-C0023,Residence Permit Application and Additional Document Process,P1,Residence Permit Application Service,S2,Review Application,2026-07-17T16:23:24Z,Public Security Department,complete,in_progress,under_review,54.12,V1_DirectApproval
P1-C0023,Residence Permit Application and Additional Document Process,P1,Residence Permit Application Service,S2,Approve Application,2026-07-17T22:43:12Z,Public Security Department,complete,approved,approved,6.33,V1_DirectApproval
P1-C0023,Residence Permit Application and Additional Document Process,P1,Residence Permit Application Service,S2,Notify Applicant,2026-07-17T23:08:24Z,CityStart Platform,complete,in_progress,approved,0.42,V1_DirectApproval
P1-C0024,Residence Permit Application and Additional Document Process,P1,Residence Permit Application Service,S2,Submit Residence Permit Application,2026-07-14T16:04:12Z,Citizen,complete,in_progress,pending,1.07,V1_DirectApproval
P1-C0024,Residence Permit Application and Additional Document Process,P1,Residence Permit Application Service,S2,Validate Identity,2026-07-14T18:25:12Z,Public Security Department,complete,in_progress,pending,2.35,V1_DirectApproval
P1-C0024,Residence Permit Application and Additional Document Process,P1,Residence Permit Application Service,S2,Check Submitted Documents,2026-07-15T08:34:12Z,Public Security Department,complete,in_progress,pending,14.15,V1_DirectApproval
P1-C0024,Residence Permit Application and Additional Document Process,P1,Residence Permit Application Service,S2,Review Application,2026-07-18T22:16:12Z,Public Security Department,complete,in_progress,under_review,85.7,V1_DirectApproval
P1-C0024,Residence Permit Application and Additional Document Process,P1,Residence Permit Application Service,S2,Approve Application,2026-07-19T03:54:00Z,Public Security Department,complete,approved,approved,5.63,V1_DirectApproval
P1-C0024,Residence Permit Application and Additional Document Process,P1,Residence Permit Application Service,S2,Notify Applicant,2026-07-19T04:15:00Z,CityStart Platform,complete,in_progress,approved,0.35,V1_DirectApproval
P1-C0025,Residence Permit Application and Additional Document Process,P1,Residence Permit Application Service,S2,Submit Residence Permit Application,2026-07-10T14:47:24Z,Citizen,complete,in_progress,pending,0.79,V1_DirectApproval
P1-C0025,Residence Permit Application and Additional Document Process,P1,Residence Permit Application Service,S2,Validate Identity,2026-07-10T17:47:24Z,Public Security Department,complete,in_progress,pending,3.0,V1_DirectApproval
P1-C0025,Residence Permit Application and Additional Document Process,P1,Residence Permit Application Service,S2,Check Submitted Documents,2026-07-11T03:22:48Z,Public Security Department,complete,in_progress,pending,9.59,V1_DirectApproval
P1-C0025,Residence Permit Application and Additional Document Process,P1,Residence Permit Application Service,S2,Review Application,2026-07-15T12:30:36Z,Public Security Department,complete,in_progress,under_review,105.13,V1_DirectApproval
P1-C0025,Residence Permit Application and Additional Document Process,P1,Residence Permit Application Service,S2,Approve Application,2026-07-15T19:18:00Z,Public Security Department,complete,approved,approved,6.79,V1_DirectApproval
P1-C0025,Residence Permit Application and Additional Document Process,P1,Residence Permit Application Service,S2,Notify Applicant,2026-07-15T20:07:12Z,CityStart Platform,complete,in_progress,approved,0.82,V1_DirectApproval
P1-C0026,Residence Permit Application and Additional Document Process,P1,Residence Permit Application Service,S2,Submit Residence Permit Application,2026-07-06T11:01:12Z,Citizen,complete,in_progress,pending,1.02,V1_DirectApproval
P1-C0026,Residence Permit Application and Additional Document Process,P1,Residence Permit Application Service,S2,Validate Identity,2026-07-06T13:55:48Z,Public Security Department,complete,in_progress,pending,2.91,V1_DirectApproval
P1-C0026,Residence Permit Application and Additional Document Process,P1,Residence Permit Application Service,S2,Check Submitted Documents,2026-07-06T19:49:48Z,Public Security Department,complete,in_progress,pending,5.9,V1_DirectApproval
P1-C0026,Residence Permit Application and Additional Document Process,P1,Residence Permit Application Service,S2,Review Application,2026-07-12T02:26:24Z,Public Security Department,complete,in_progress,under_review,126.61,V1_DirectApproval
P1-C0026,Residence Permit Application and Additional Document Process,P1,Residence Permit Application Service,S2,Approve Application,2026-07-12T05:35:24Z,Public Security Department,complete,approved,approved,3.15,V1_DirectApproval
P1-C0026,Residence Permit Application and Additional Document Process,P1,Residence Permit Application Service,S2,Notify Applicant,2026-07-12T05:49:48Z,CityStart Platform,complete,in_progress,approved,0.24,V1_DirectApproval
P1-C0027,Residence Permit Application and Additional Document Process,P1,Residence Permit Application Service,S2,Submit Residence Permit Application,2026-07-30T10:15:00Z,Citizen,complete,in_progress,pending,0.25,V1_DirectApproval
P1-C0027,Residence Permit Application and Additional Document Process,P1,Residence Permit Application Service,S2,Validate Identity,2026-07-30T12:24:00Z,Public Security Department,complete,in_progress,pending,2.15,V1_DirectApproval
P1-C0027,Residence Permit Application and Additional Document Process,P1,Residence Permit Application Service,S2,Check Submitted Documents,2026-07-30T21:00:36Z,Public Security Department,complete,in_progress,pending,8.61,V1_DirectApproval
P1-C0027,Residence Permit Application and Additional Document Process,P1,Residence Permit Application Service,S2,Review Application,2026-08-03T08:34:48Z,Public Security Department,complete,in_progress,under_review,83.57,V1_DirectApproval
P1-C0027,Residence Permit Application and Additional Document Process,P1,Residence Permit Application Service,S2,Approve Application,2026-08-03T12:50:24Z,Public Security Department,complete,approved,approved,4.26,V1_DirectApproval
P1-C0027,Residence Permit Application and Additional Document Process,P1,Residence Permit Application Service,S2,Notify Applicant,2026-08-03T13:00:36Z,CityStart Platform,complete,in_progress,approved,0.17,V1_DirectApproval
P1-C0028,Residence Permit Application and Additional Document Process,P1,Residence Permit Application Service,S2,Submit Residence Permit Application,2026-07-03T09:55:48Z,Citizen,complete,in_progress,pending,0.93,V1_DirectApproval
P1-C0028,Residence Permit Application and Additional Document Process,P1,Residence Permit Application Service,S2,Validate Identity,2026-07-03T14:57:00Z,Public Security Department,complete,in_progress,pending,5.02,V1_DirectApproval
P1-C0028,Residence Permit Application and Additional Document Process,P1,Residence Permit Application Service,S2,Check Submitted Documents,2026-07-04T04:36:00Z,Public Security Department,complete,in_progress,pending,13.65,V1_DirectApproval
P1-C0028,Residence Permit Application and Additional Document Process,P1,Residence Permit Application Service,S2,Review Application,2026-07-07T22:12:00Z,Public Security Department,complete,in_progress,under_review,89.6,V1_DirectApproval
P1-C0028,Residence Permit Application and Additional Document Process,P1,Residence Permit Application Service,S2,Approve Application,2026-07-08T04:42:00Z,Public Security Department,complete,approved,approved,6.5,V1_DirectApproval
P1-C0028,Residence Permit Application and Additional Document Process,P1,Residence Permit Application Service,S2,Notify Applicant,2026-07-08T04:58:48Z,CityStart Platform,complete,in_progress,approved,0.28,V1_DirectApproval
P1-C0029,Residence Permit Application and Additional Document Process,P1,Residence Permit Application Service,S2,Submit Residence Permit Application,2026-07-04T12:42:00Z,Citizen,complete,in_progress,pending,0.7,V1_DirectApproval
P1-C0029,Residence Permit Application and Additional Document Process,P1,Residence Permit Application Service,S2,Validate Identity,2026-07-04T16:47:24Z,Public Security Department,complete,in_progress,pending,4.09,V1_DirectApproval
P1-C0029,Residence Permit Application and Additional Document Process,P1,Residence Permit Application Service,S2,Check Submitted Documents,2026-07-05T00:45:00Z,Public Security Department,complete,in_progress,pending,7.96,V1_DirectApproval
P1-C0029,Residence Permit Application and Additional Document Process,P1,Residence Permit Application Service,S2,Review Application,2026-07-07T22:05:24Z,Public Security Department,complete,in_progress,under_review,69.34,V1_DirectApproval
P1-C0029,Residence Permit Application and Additional Document Process,P1,Residence Permit Application Service,S2,Approve Application,2026-07-08T01:38:24Z,Public Security Department,complete,approved,approved,3.55,V1_DirectApproval
P1-C0029,Residence Permit Application and Additional Document Process,P1,Residence Permit Application Service,S2,Notify Applicant,2026-07-08T01:53:24Z,CityStart Platform,complete,in_progress,approved,0.25,V1_DirectApproval
P1-C0030,Residence Permit Application and Additional Document Process,P1,Residence Permit Application Service,S2,Submit Residence Permit Application,2026-07-10T09:38:24Z,Citizen,complete,in_progress,pending,0.64,V1_DirectApproval
P1-C0030,Residence Permit Application and Additional Document Process,P1,Residence Permit Application Service,S2,Validate Identity,2026-07-10T12:34:48Z,Public Security Department,complete,in_progress,pending,2.94,V1_DirectApproval
P1-C0030,Residence Permit Application and Additional Document Process,P1,Residence Permit Application Service,S2,Check Submitted Documents,2026-07-10T21:12:36Z,Public Security Department,complete,in_progress,pending,8.63,V1_DirectApproval
P1-C0030,Residence Permit Application and Additional Document Process,P1,Residence Permit Application Service,S2,Review Application,2026-07-14T11:56:24Z,Public Security Department,complete,in_progress,under_review,86.73,V1_DirectApproval
P1-C0030,Residence Permit Application and Additional Document Process,P1,Residence Permit Application Service,S2,Approve Application,2026-07-14T18:04:48Z,Public Security Department,complete,approved,approved,6.14,V1_DirectApproval
P1-C0030,Residence Permit Application and Additional Document Process,P1,Residence Permit Application Service,S2,Notify Applicant,2026-07-14T18:27:00Z,CityStart Platform,complete,in_progress,approved,0.37,V1_DirectApproval
P1-C0031,Residence Permit Application and Additional Document Process,P1,Residence Permit Application Service,S2,Submit Residence Permit Application,2026-07-22T16:44:24Z,Citizen,complete,in_progress,pending,0.74,V1_DirectApproval
P1-C0031,Residence Permit Application and Additional Document Process,P1,Residence Permit Application Service,S2,Validate Identity,2026-07-22T21:10:12Z,Public Security Department,complete,in_progress,pending,4.43,V1_DirectApproval
P1-C0031,Residence Permit Application and Additional Document Process,P1,Residence Permit Application Service,S2,Check Submitted Documents,2026-07-23T06:01:12Z,Public Security Department,complete,in_progress,pending,8.85,V1_DirectApproval
P1-C0031,Residence Permit Application and Additional Document Process,P1,Residence Permit Application Service,S2,Review Application,2026-07-27T11:22:48Z,Public Security Department,complete,in_progress,under_review,101.36,V1_DirectApproval
P1-C0031,Residence Permit Application and Additional Document Process,P1,Residence Permit Application Service,S2,Approve Application,2026-07-27T18:54:36Z,Public Security Department,complete,approved,approved,7.53,V1_DirectApproval
P1-C0031,Residence Permit Application and Additional Document Process,P1,Residence Permit Application Service,S2,Notify Applicant,2026-07-27T19:04:48Z,CityStart Platform,complete,in_progress,approved,0.17,V1_DirectApproval
P1-C0032,Residence Permit Application and Additional Document Process,P1,Residence Permit Application Service,S2,Submit Residence Permit Application,2026-07-08T15:52:12Z,Citizen,complete,in_progress,pending,0.87,V1_DirectApproval
P1-C0032,Residence Permit Application and Additional Document Process,P1,Residence Permit Application Service,S2,Validate Identity,2026-07-08T19:22:12Z,Public Security Department,complete,in_progress,pending,3.5,V1_DirectApproval
P1-C0032,Residence Permit Application and Additional Document Process,P1,Residence Permit Application Service,S2,Check Submitted Documents,2026-07-09T02:37:48Z,Public Security Department,complete,in_progress,pending,7.26,V1_DirectApproval
P1-C0032,Residence Permit Application and Additional Document Process,P1,Residence Permit Application Service,S2,Review Application,2026-07-12T02:45:36Z,Public Security Department,complete,in_progress,under_review,72.13,V1_DirectApproval
P1-C0032,Residence Permit Application and Additional Document Process,P1,Residence Permit Application Service,S2,Approve Application,2026-07-12T10:28:12Z,Public Security Department,complete,approved,approved,7.71,V1_DirectApproval
P1-C0032,Residence Permit Application and Additional Document Process,P1,Residence Permit Application Service,S2,Notify Applicant,2026-07-12T10:40:12Z,CityStart Platform,complete,in_progress,approved,0.2,V1_DirectApproval
P1-C0033,Residence Permit Application and Additional Document Process,P1,Residence Permit Application Service,S2,Submit Residence Permit Application,2026-07-28T14:49:48Z,Citizen,complete,in_progress,pending,0.83,V1_DirectApproval
P1-C0033,Residence Permit Application and Additional Document Process,P1,Residence Permit Application Service,S2,Validate Identity,2026-07-28T17:12:00Z,Public Security Department,complete,in_progress,pending,2.37,V1_DirectApproval
P1-C0033,Residence Permit Application and Additional Document Process,P1,Residence Permit Application Service,S2,Check Submitted Documents,2026-07-29T08:34:12Z,Public Security Department,complete,in_progress,pending,15.37,V1_DirectApproval
P1-C0033,Residence Permit Application and Additional Document Process,P1,Residence Permit Application Service,S2,Review Application,2026-08-03T03:49:48Z,Public Security Department,complete,in_progress,under_review,115.26,V1_DirectApproval
P1-C0033,Residence Permit Application and Additional Document Process,P1,Residence Permit Application Service,S2,Approve Application,2026-08-03T13:38:24Z,Public Security Department,complete,approved,approved,9.81,V1_DirectApproval
P1-C0033,Residence Permit Application and Additional Document Process,P1,Residence Permit Application Service,S2,Notify Applicant,2026-08-03T14:00:00Z,CityStart Platform,complete,in_progress,approved,0.36,V1_DirectApproval
P1-C0034,Residence Permit Application and Additional Document Process,P1,Residence Permit Application Service,S2,Submit Residence Permit Application,2026-07-01T13:40:48Z,Citizen,complete,in_progress,pending,0.68,V1_DirectApproval
P1-C0034,Residence Permit Application and Additional Document Process,P1,Residence Permit Application Service,S2,Validate Identity,2026-07-01T16:39:36Z,Public Security Department,complete,in_progress,pending,2.98,V1_DirectApproval
P1-C0034,Residence Permit Application and Additional Document Process,P1,Residence Permit Application Service,S2,Check Submitted Documents,2026-07-02T01:07:48Z,Public Security Department,complete,in_progress,pending,8.47,V1_DirectApproval
P1-C0034,Residence Permit Application and Additional Document Process,P1,Residence Permit Application Service,S2,Review Application,2026-07-04T04:20:24Z,Public Security Department,complete,in_progress,under_review,51.21,V1_DirectApproval
P1-C0034,Residence Permit Application and Additional Document Process,P1,Residence Permit Application Service,S2,Approve Application,2026-07-04T11:18:00Z,Public Security Department,complete,approved,approved,6.96,V1_DirectApproval
P1-C0034,Residence Permit Application and Additional Document Process,P1,Residence Permit Application Service,S2,Notify Applicant,2026-07-04T11:45:00Z,CityStart Platform,complete,in_progress,approved,0.45,V1_DirectApproval
P1-C0035,Residence Permit Application and Additional Document Process,P1,Residence Permit Application Service,S2,Submit Residence Permit Application,2026-07-28T15:27:00Z,Citizen,complete,in_progress,pending,0.45,V1_DirectApproval
P1-C0035,Residence Permit Application and Additional Document Process,P1,Residence Permit Application Service,S2,Validate Identity,2026-07-28T20:30:36Z,Public Security Department,complete,in_progress,pending,5.06,V1_DirectApproval
P1-C0035,Residence Permit Application and Additional Document Process,P1,Residence Permit Application Service,S2,Check Submitted Documents,2026-07-29T07:49:48Z,Public Security Department,complete,in_progress,pending,11.32,V1_DirectApproval
P1-C0035,Residence Permit Application and Additional Document Process,P1,Residence Permit Application Service,S2,Review Application,2026-08-02T17:35:24Z,Public Security Department,complete,in_progress,under_review,105.76,V1_DirectApproval
P1-C0035,Residence Permit Application and Additional Document Process,P1,Residence Permit Application Service,S2,Approve Application,2026-08-03T00:29:24Z,Public Security Department,complete,approved,approved,6.9,V1_DirectApproval
P1-C0035,Residence Permit Application and Additional Document Process,P1,Residence Permit Application Service,S2,Notify Applicant,2026-08-03T00:58:48Z,CityStart Platform,complete,in_progress,approved,0.49,V1_DirectApproval
P1-C0036,Residence Permit Application and Additional Document Process,P1,Residence Permit Application Service,S2,Submit Residence Permit Application,2026-07-26T13:06:00Z,Citizen,complete,in_progress,pending,1.1,V1_DirectApproval
P1-C0036,Residence Permit Application and Additional Document Process,P1,Residence Permit Application Service,S2,Validate Identity,2026-07-26T17:05:24Z,Public Security Department,complete,in_progress,pending,3.99,V1_DirectApproval
P1-C0036,Residence Permit Application and Additional Document Process,P1,Residence Permit Application Service,S2,Check Submitted Documents,2026-07-27T06:51:36Z,Public Security Department,complete,in_progress,pending,13.77,V1_DirectApproval
P1-C0036,Residence Permit Application and Additional Document Process,P1,Residence Permit Application Service,S2,Review Application,2026-08-01T10:40:12Z,Public Security Department,complete,in_progress,under_review,123.81,V1_DirectApproval
P1-C0036,Residence Permit Application and Additional Document Process,P1,Residence Permit Application Service,S2,Approve Application,2026-08-01T13:45:00Z,Public Security Department,complete,approved,approved,3.08,V1_DirectApproval
P1-C0036,Residence Permit Application and Additional Document Process,P1,Residence Permit Application Service,S2,Notify Applicant,2026-08-01T14:06:36Z,CityStart Platform,complete,in_progress,approved,0.36,V1_DirectApproval
P1-C0037,Residence Permit Application and Additional Document Process,P1,Residence Permit Application Service,S2,Submit Residence Permit Application,2026-07-06T15:37:12Z,Citizen,complete,in_progress,pending,0.62,V1_DirectApproval
P1-C0037,Residence Permit Application and Additional Document Process,P1,Residence Permit Application Service,S2,Validate Identity,2026-07-06T18:15:00Z,Public Security Department,complete,in_progress,pending,2.63,V1_DirectApproval
P1-C0037,Residence Permit Application and Additional Document Process,P1,Residence Permit Application Service,S2,Check Submitted Documents,2026-07-07T09:48:00Z,Public Security Department,complete,in_progress,pending,15.55,V1_DirectApproval
P1-C0037,Residence Permit Application and Additional Document Process,P1,Residence Permit Application Service,S2,Review Application,2026-07-11T12:55:48Z,Public Security Department,complete,in_progress,under_review,99.13,V1_DirectApproval
P1-C0037,Residence Permit Application and Additional Document Process,P1,Residence Permit Application Service,S2,Approve Application,2026-07-11T17:47:24Z,Public Security Department,complete,approved,approved,4.86,V1_DirectApproval
P1-C0037,Residence Permit Application and Additional Document Process,P1,Residence Permit Application Service,S2,Notify Applicant,2026-07-11T18:20:24Z,CityStart Platform,complete,in_progress,approved,0.55,V1_DirectApproval
P1-C0038,Residence Permit Application and Additional Document Process,P1,Residence Permit Application Service,S2,Submit Residence Permit Application,2026-07-22T16:35:24Z,Citizen,complete,in_progress,pending,0.59,V1_DirectApproval
P1-C0038,Residence Permit Application and Additional Document Process,P1,Residence Permit Application Service,S2,Validate Identity,2026-07-22T22:16:48Z,Public Security Department,complete,in_progress,pending,5.69,V1_DirectApproval
P1-C0038,Residence Permit Application and Additional Document Process,P1,Residence Permit Application Service,S2,Check Submitted Documents,2026-07-23T18:12:00Z,Public Security Department,complete,in_progress,pending,19.92,V1_DirectApproval
P1-C0038,Residence Permit Application and Additional Document Process,P1,Residence Permit Application Service,S2,Review Application,2026-07-26T03:21:00Z,Public Security Department,complete,in_progress,under_review,57.15,V1_DirectApproval
P1-C0038,Residence Permit Application and Additional Document Process,P1,Residence Permit Application Service,S2,Approve Application,2026-07-26T10:24:00Z,Public Security Department,complete,approved,approved,7.05,V1_DirectApproval
P1-C0038,Residence Permit Application and Additional Document Process,P1,Residence Permit Application Service,S2,Notify Applicant,2026-07-26T10:42:36Z,CityStart Platform,complete,in_progress,approved,0.31,V1_DirectApproval
P1-C0039,Residence Permit Application and Additional Document Process,P1,Residence Permit Application Service,S2,Submit Residence Permit Application,2026-07-28T13:19:48Z,Citizen,complete,in_progress,pending,0.33,V1_DirectApproval
P1-C0039,Residence Permit Application and Additional Document Process,P1,Residence Permit Application Service,S2,Validate Identity,2026-07-28T20:22:12Z,Public Security Department,complete,in_progress,pending,7.04,V1_DirectApproval
P1-C0039,Residence Permit Application and Additional Document Process,P1,Residence Permit Application Service,S2,Check Submitted Documents,2026-07-29T09:53:24Z,Public Security Department,complete,in_progress,pending,13.52,V1_DirectApproval
P1-C0039,Residence Permit Application and Additional Document Process,P1,Residence Permit Application Service,S2,Review Application,2026-08-01T09:57:36Z,Public Security Department,complete,in_progress,under_review,72.07,V1_DirectApproval
P1-C0039,Residence Permit Application and Additional Document Process,P1,Residence Permit Application Service,S2,Approve Application,2026-08-01T14:52:12Z,Public Security Department,complete,approved,approved,4.91,V1_DirectApproval
P1-C0039,Residence Permit Application and Additional Document Process,P1,Residence Permit Application Service,S2,Notify Applicant,2026-08-01T15:14:24Z,CityStart Platform,complete,in_progress,approved,0.37,V1_DirectApproval
P1-C0040,Residence Permit Application and Additional Document Process,P1,Residence Permit Application Service,S2,Submit Residence Permit Application,2026-07-23T15:17:24Z,Citizen,complete,in_progress,pending,0.29,V1_DirectApproval
P1-C0040,Residence Permit Application and Additional Document Process,P1,Residence Permit Application Service,S2,Validate Identity,2026-07-23T19:32:24Z,Public Security Department,complete,in_progress,pending,4.25,V1_DirectApproval
P1-C0040,Residence Permit Application and Additional Document Process,P1,Residence Permit Application Service,S2,Check Submitted Documents,2026-07-24T01:11:24Z,Public Security Department,complete,in_progress,pending,5.65,V1_DirectApproval
P1-C0040,Residence Permit Application and Additional Document Process,P1,Residence Permit Application Service,S2,Review Application,2026-07-28T12:49:12Z,Public Security Department,complete,in_progress,under_review,107.63,V1_DirectApproval
P1-C0040,Residence Permit Application and Additional Document Process,P1,Residence Permit Application Service,S2,Approve Application,2026-07-28T19:02:24Z,Public Security Department,complete,approved,approved,6.22,V1_DirectApproval
P1-C0040,Residence Permit Application and Additional Document Process,P1,Residence Permit Application Service,S2,Notify Applicant,2026-07-28T19:33:36Z,CityStart Platform,complete,in_progress,approved,0.52,V1_DirectApproval
P1-C0041,Residence Permit Application and Additional Document Process,P1,Residence Permit Application Service,S2,Submit Residence Permit Application,2026-07-03T14:11:24Z,Citizen,complete,in_progress,pending,1.19,V1_DirectApproval
P1-C0041,Residence Permit Application and Additional Document Process,P1,Residence Permit Application Service,S2,Validate Identity,2026-07-03T19:37:48Z,Public Security Department,complete,in_progress,pending,5.44,V1_DirectApproval
P1-C0041,Residence Permit Application and Additional Document Process,P1,Residence Permit Application Service,S2,Check Submitted Documents,2026-07-04T03:25:12Z,Public Security Department,complete,in_progress,pending,7.79,V1_DirectApproval
P1-C0041,Residence Permit Application and Additional Document Process,P1,Residence Permit Application Service,S2,Review Application,2026-07-07T16:03:36Z,Public Security Department,complete,in_progress,under_review,84.64,V1_DirectApproval
P1-C0041,Residence Permit Application and Additional Document Process,P1,Residence Permit Application Service,S2,Approve Application,2026-07-07T22:41:24Z,Public Security Department,complete,approved,approved,6.63,V1_DirectApproval
P1-C0041,Residence Permit Application and Additional Document Process,P1,Residence Permit Application Service,S2,Notify Applicant,2026-07-07T23:09:36Z,CityStart Platform,complete,in_progress,approved,0.47,V1_DirectApproval
P1-C0042,Residence Permit Application and Additional Document Process,P1,Residence Permit Application Service,S2,Submit Residence Permit Application,2026-07-18T10:40:12Z,Citizen,complete,in_progress,pending,0.67,V1_DirectApproval
P1-C0042,Residence Permit Application and Additional Document Process,P1,Residence Permit Application Service,S2,Validate Identity,2026-07-18T13:40:48Z,Public Security Department,complete,in_progress,pending,3.01,V1_DirectApproval
P1-C0042,Residence Permit Application and Additional Document Process,P1,Residence Permit Application Service,S2,Check Submitted Documents,2026-07-19T04:49:12Z,Public Security Department,complete,in_progress,pending,15.14,V1_DirectApproval
P1-C0042,Residence Permit Application and Additional Document Process,P1,Residence Permit Application Service,S2,Review Application,2026-07-24T16:36:00Z,Public Security Department,complete,in_progress,under_review,131.78,V1_DirectApproval
P1-C0042,Residence Permit Application and Additional Document Process,P1,Residence Permit Application Service,S2,Approve Application,2026-07-24T22:48:00Z,Public Security Department,complete,approved,approved,6.2,V1_DirectApproval
P1-C0042,Residence Permit Application and Additional Document Process,P1,Residence Permit Application Service,S2,Notify Applicant,2026-07-24T23:07:12Z,CityStart Platform,complete,in_progress,approved,0.32,V1_DirectApproval
P1-C0043,Residence Permit Application and Additional Document Process,P1,Residence Permit Application Service,S2,Submit Residence Permit Application,2026-07-07T14:49:48Z,Citizen,complete,in_progress,pending,0.83,V1_DirectApproval
P1-C0043,Residence Permit Application and Additional Document Process,P1,Residence Permit Application Service,S2,Validate Identity,2026-07-07T21:26:24Z,Public Security Department,complete,in_progress,pending,6.61,V1_DirectApproval
P1-C0043,Residence Permit Application and Additional Document Process,P1,Residence Permit Application Service,S2,Check Submitted Documents,2026-07-08T13:13:48Z,Public Security Department,complete,in_progress,pending,15.79,V1_DirectApproval
P1-C0043,Residence Permit Application and Additional Document Process,P1,Residence Permit Application Service,S2,Review Application,2026-07-11T15:52:12Z,Public Security Department,complete,in_progress,under_review,74.64,V1_DirectApproval
P1-C0043,Residence Permit Application and Additional Document Process,P1,Residence Permit Application Service,S2,Approve Application,2026-07-11T20:49:48Z,Public Security Department,complete,approved,approved,4.96,V1_DirectApproval
P1-C0043,Residence Permit Application and Additional Document Process,P1,Residence Permit Application Service,S2,Notify Applicant,2026-07-11T21:07:48Z,CityStart Platform,complete,in_progress,approved,0.3,V1_DirectApproval
P1-C0044,Residence Permit Application and Additional Document Process,P1,Residence Permit Application Service,S2,Submit Residence Permit Application,2026-07-26T10:17:24Z,Citizen,complete,in_progress,pending,0.29,V1_DirectApproval
P1-C0044,Residence Permit Application and Additional Document Process,P1,Residence Permit Application Service,S2,Validate Identity,2026-07-26T13:21:00Z,Public Security Department,complete,in_progress,pending,3.06,V1_DirectApproval
P1-C0044,Residence Permit Application and Additional Document Process,P1,Residence Permit Application Service,S2,Check Submitted Documents,2026-07-26T23:46:12Z,Public Security Department,complete,in_progress,pending,10.42,V1_DirectApproval
P1-C0044,Residence Permit Application and Additional Document Process,P1,Residence Permit Application Service,S2,Review Application,2026-07-31T06:18:00Z,Public Security Department,complete,in_progress,under_review,102.53,V1_DirectApproval
P1-C0044,Residence Permit Application and Additional Document Process,P1,Residence Permit Application Service,S2,Approve Application,2026-07-31T13:41:24Z,Public Security Department,complete,approved,approved,7.39,V1_DirectApproval
P1-C0044,Residence Permit Application and Additional Document Process,P1,Residence Permit Application Service,S2,Notify Applicant,2026-07-31T13:52:48Z,CityStart Platform,complete,in_progress,approved,0.19,V1_DirectApproval
P1-C0045,Residence Permit Application and Additional Document Process,P1,Residence Permit Application Service,S2,Submit Residence Permit Application,2026-07-21T09:39:36Z,Citizen,complete,in_progress,pending,0.66,V1_DirectApproval
P1-C0045,Residence Permit Application and Additional Document Process,P1,Residence Permit Application Service,S2,Validate Identity,2026-07-21T11:31:12Z,Public Security Department,complete,in_progress,pending,1.86,V1_DirectApproval
P1-C0045,Residence Permit Application and Additional Document Process,P1,Residence Permit Application Service,S2,Check Submitted Documents,2026-07-21T21:55:48Z,Public Security Department,complete,in_progress,pending,10.41,V1_DirectApproval
P1-C0045,Residence Permit Application and Additional Document Process,P1,Residence Permit Application Service,S2,Review Application,2026-07-24T18:22:48Z,Public Security Department,complete,in_progress,under_review,68.45,V1_DirectApproval
P1-C0045,Residence Permit Application and Additional Document Process,P1,Residence Permit Application Service,S2,Approve Application,2026-07-25T00:47:24Z,Public Security Department,complete,approved,approved,6.41,V1_DirectApproval
P1-C0045,Residence Permit Application and Additional Document Process,P1,Residence Permit Application Service,S2,Notify Applicant,2026-07-25T01:12:36Z,CityStart Platform,complete,in_progress,approved,0.42,V1_DirectApproval
P1-C0046,Residence Permit Application and Additional Document Process,P1,Residence Permit Application Service,S2,Submit Residence Permit Application,2026-07-30T14:49:12Z,Citizen,complete,in_progress,pending,0.82,V2_SingleSupplement
P1-C0046,Residence Permit Application and Additional Document Process,P1,Residence Permit Application Service,S2,Validate Identity,2026-07-30T19:37:48Z,Public Security Department,complete,in_progress,pending,4.81,V2_SingleSupplement
P1-C0046,Residence Permit Application and Additional Document Process,P1,Residence Permit Application Service,S2,Check Submitted Documents,2026-07-31T11:22:48Z,Public Security Department,complete,in_progress,pending,15.75,V2_SingleSupplement
P1-C0046,Residence Permit Application and Additional Document Process,P1,Residence Permit Application Service,S2,Request Additional Documents,2026-07-31T15:08:24Z,Public Security Department,complete,pending_documents,additional_documents_required,3.76,V2_SingleSupplement
P1-C0046,Residence Permit Application and Additional Document Process,P1,Residence Permit Application Service,S2,Submit Additional Documents,2026-08-02T14:36:36Z,Citizen,complete,in_progress,under_review,47.47,V2_SingleSupplement
P1-C0046,Residence Permit Application and Additional Document Process,P1,Residence Permit Application Service,S2,Check Submitted Documents,2026-08-03T06:07:12Z,Public Security Department,complete,in_progress,under_review,15.51,V2_SingleSupplement
P1-C0046,Residence Permit Application and Additional Document Process,P1,Residence Permit Application Service,S2,Review Application,2026-08-07T05:37:48Z,Public Security Department,complete,in_progress,under_review,95.51,V2_SingleSupplement
P1-C0046,Residence Permit Application and Additional Document Process,P1,Residence Permit Application Service,S2,Approve Application,2026-08-07T14:40:12Z,Public Security Department,complete,approved,approved,9.04,V2_SingleSupplement
P1-C0046,Residence Permit Application and Additional Document Process,P1,Residence Permit Application Service,S2,Notify Applicant,2026-08-07T15:22:12Z,CityStart Platform,complete,in_progress,approved,0.7,V2_SingleSupplement
P1-C0047,Residence Permit Application and Additional Document Process,P1,Residence Permit Application Service,S2,Submit Residence Permit Application,2026-07-02T09:42:36Z,Citizen,complete,in_progress,pending,0.71,V2_SingleSupplement
P1-C0047,Residence Permit Application and Additional Document Process,P1,Residence Permit Application Service,S2,Validate Identity,2026-07-02T15:21:36Z,Public Security Department,complete,in_progress,pending,5.65,V2_SingleSupplement
P1-C0047,Residence Permit Application and Additional Document Process,P1,Residence Permit Application Service,S2,Check Submitted Documents,2026-07-02T23:44:24Z,Public Security Department,complete,in_progress,pending,8.38,V2_SingleSupplement
P1-C0047,Residence Permit Application and Additional Document Process,P1,Residence Permit Application Service,S2,Request Additional Documents,2026-07-03T03:51:36Z,Public Security Department,complete,pending_documents,additional_documents_required,4.12,V2_SingleSupplement
P1-C0047,Residence Permit Application and Additional Document Process,P1,Residence Permit Application Service,S2,Submit Additional Documents,2026-07-06T09:00:36Z,Citizen,complete,in_progress,under_review,77.15,V2_SingleSupplement
P1-C0047,Residence Permit Application and Additional Document Process,P1,Residence Permit Application Service,S2,Check Submitted Documents,2026-07-07T01:03:36Z,Public Security Department,complete,in_progress,under_review,16.05,V2_SingleSupplement
P1-C0047,Residence Permit Application and Additional Document Process,P1,Residence Permit Application Service,S2,Review Application,2026-07-10T17:00:36Z,Public Security Department,complete,in_progress,under_review,87.95,V2_SingleSupplement
P1-C0047,Residence Permit Application and Additional Document Process,P1,Residence Permit Application Service,S2,Approve Application,2026-07-10T20:06:00Z,Public Security Department,complete,approved,approved,3.09,V2_SingleSupplement
P1-C0047,Residence Permit Application and Additional Document Process,P1,Residence Permit Application Service,S2,Notify Applicant,2026-07-10T20:45:36Z,CityStart Platform,complete,in_progress,approved,0.66,V2_SingleSupplement
P1-C0048,Residence Permit Application and Additional Document Process,P1,Residence Permit Application Service,S2,Submit Residence Permit Application,2026-07-10T15:30:00Z,Citizen,complete,in_progress,pending,0.5,V2_SingleSupplement
P1-C0048,Residence Permit Application and Additional Document Process,P1,Residence Permit Application Service,S2,Validate Identity,2026-07-10T21:21:36Z,Public Security Department,complete,in_progress,pending,5.86,V2_SingleSupplement
P1-C0048,Residence Permit Application and Additional Document Process,P1,Residence Permit Application Service,S2,Check Submitted Documents,2026-07-11T10:40:48Z,Public Security Department,complete,in_progress,pending,13.32,V2_SingleSupplement
P1-C0048,Residence Permit Application and Additional Document Process,P1,Residence Permit Application Service,S2,Request Additional Documents,2026-07-11T15:15:36Z,Public Security Department,complete,pending_documents,additional_documents_required,4.58,V2_SingleSupplement
P1-C0048,Residence Permit Application and Additional Document Process,P1,Residence Permit Application Service,S2,Submit Additional Documents,2026-07-13T14:40:48Z,Citizen,complete,in_progress,under_review,47.42,V2_SingleSupplement
P1-C0048,Residence Permit Application and Additional Document Process,P1,Residence Permit Application Service,S2,Check Submitted Documents,2026-07-14T02:40:48Z,Public Security Department,complete,in_progress,under_review,12.0,V2_SingleSupplement
P1-C0048,Residence Permit Application and Additional Document Process,P1,Residence Permit Application Service,S2,Review Application,2026-07-19T09:09:36Z,Public Security Department,complete,in_progress,under_review,126.48,V2_SingleSupplement
P1-C0048,Residence Permit Application and Additional Document Process,P1,Residence Permit Application Service,S2,Approve Application,2026-07-19T12:14:24Z,Public Security Department,complete,approved,approved,3.08,V2_SingleSupplement
P1-C0048,Residence Permit Application and Additional Document Process,P1,Residence Permit Application Service,S2,Notify Applicant,2026-07-19T12:45:00Z,CityStart Platform,complete,in_progress,approved,0.51,V2_SingleSupplement
P1-C0049,Residence Permit Application and Additional Document Process,P1,Residence Permit Application Service,S2,Submit Residence Permit Application,2026-07-30T17:44:24Z,Citizen,complete,in_progress,pending,0.74,V2_SingleSupplement
P1-C0049,Residence Permit Application and Additional Document Process,P1,Residence Permit Application Service,S2,Validate Identity,2026-07-30T21:34:48Z,Public Security Department,complete,in_progress,pending,3.84,V2_SingleSupplement
P1-C0049,Residence Permit Application and Additional Document Process,P1,Residence Permit Application Service,S2,Check Submitted Documents,2026-07-31T04:33:36Z,Public Security Department,complete,in_progress,pending,6.98,V2_SingleSupplement
P1-C0049,Residence Permit Application and Additional Document Process,P1,Residence Permit Application Service,S2,Request Additional Documents,2026-07-31T08:40:48Z,Public Security Department,complete,pending_documents,additional_documents_required,4.12,V2_SingleSupplement
P1-C0049,Residence Permit Application and Additional Document Process,P1,Residence Permit Application Service,S2,Submit Additional Documents,2026-08-04T16:27:00Z,Citizen,complete,in_progress,under_review,103.77,V2_SingleSupplement
P1-C0049,Residence Permit Application and Additional Document Process,P1,Residence Permit Application Service,S2,Check Submitted Documents,2026-08-05T02:13:48Z,Public Security Department,complete,in_progress,under_review,9.78,V2_SingleSupplement
P1-C0049,Residence Permit Application and Additional Document Process,P1,Residence Permit Application Service,S2,Review Application,2026-08-09T13:52:48Z,Public Security Department,complete,in_progress,under_review,107.65,V2_SingleSupplement
P1-C0049,Residence Permit Application and Additional Document Process,P1,Residence Permit Application Service,S2,Approve Application,2026-08-09T17:35:24Z,Public Security Department,complete,approved,approved,3.71,V2_SingleSupplement
P1-C0049,Residence Permit Application and Additional Document Process,P1,Residence Permit Application Service,S2,Notify Applicant,2026-08-09T17:51:00Z,CityStart Platform,complete,in_progress,approved,0.26,V2_SingleSupplement
P1-C0050,Residence Permit Application and Additional Document Process,P1,Residence Permit Application Service,S2,Submit Residence Permit Application,2026-07-23T13:19:12Z,Citizen,complete,in_progress,pending,0.32,V2_SingleSupplement
P1-C0050,Residence Permit Application and Additional Document Process,P1,Residence Permit Application Service,S2,Validate Identity,2026-07-23T15:08:24Z,Public Security Department,complete,in_progress,pending,1.82,V2_SingleSupplement
P1-C0050,Residence Permit Application and Additional Document Process,P1,Residence Permit Application Service,S2,Check Submitted Documents,2026-07-24T05:11:24Z,Public Security Department,complete,in_progress,pending,14.05,V2_SingleSupplement
P1-C0050,Residence Permit Application and Additional Document Process,P1,Residence Permit Application Service,S2,Request Additional Documents,2026-07-24T06:48:00Z,Public Security Department,complete,pending_documents,additional_documents_required,1.61,V2_SingleSupplement
P1-C0050,Residence Permit Application and Additional Document Process,P1,Residence Permit Application Service,S2,Submit Additional Documents,2026-07-26T09:16:48Z,Citizen,complete,in_progress,under_review,50.48,V2_SingleSupplement
P1-C0050,Residence Permit Application and Additional Document Process,P1,Residence Permit Application Service,S2,Check Submitted Documents,2026-07-27T00:30:36Z,Public Security Department,complete,in_progress,under_review,15.23,V2_SingleSupplement
P1-C0050,Residence Permit Application and Additional Document Process,P1,Residence Permit Application Service,S2,Review Application,2026-08-01T09:57:36Z,Public Security Department,complete,in_progress,under_review,129.45,V2_SingleSupplement
P1-C0050,Residence Permit Application and Additional Document Process,P1,Residence Permit Application Service,S2,Approve Application,2026-08-01T21:21:36Z,Public Security Department,complete,approved,approved,11.4,V2_SingleSupplement
P1-C0050,Residence Permit Application and Additional Document Process,P1,Residence Permit Application Service,S2,Notify Applicant,2026-08-01T21:45:00Z,CityStart Platform,complete,in_progress,approved,0.39,V2_SingleSupplement
P1-C0051,Residence Permit Application and Additional Document Process,P1,Residence Permit Application Service,S2,Submit Residence Permit Application,2026-07-21T16:34:48Z,Citizen,complete,in_progress,pending,0.58,V2_SingleSupplement
P1-C0051,Residence Permit Application and Additional Document Process,P1,Residence Permit Application Service,S2,Validate Identity,2026-07-21T19:31:12Z,Public Security Department,complete,in_progress,pending,2.94,V2_SingleSupplement
P1-C0051,Residence Permit Application and Additional Document Process,P1,Residence Permit Application Service,S2,Check Submitted Documents,2026-07-22T06:52:48Z,Public Security Department,complete,in_progress,pending,11.36,V2_SingleSupplement
P1-C0051,Residence Permit Application and Additional Document Process,P1,Residence Permit Application Service,S2,Request Additional Documents,2026-07-22T09:22:12Z,Public Security Department,complete,pending_documents,additional_documents_required,2.49,V2_SingleSupplement
P1-C0051,Residence Permit Application and Additional Document Process,P1,Residence Permit Application Service,S2,Submit Additional Documents,2026-07-24T09:30:36Z,Citizen,complete,in_progress,under_review,48.14,V2_SingleSupplement
P1-C0051,Residence Permit Application and Additional Document Process,P1,Residence Permit Application Service,S2,Check Submitted Documents,2026-07-25T05:34:48Z,Public Security Department,complete,in_progress,under_review,20.07,V2_SingleSupplement
P1-C0051,Residence Permit Application and Additional Document Process,P1,Residence Permit Application Service,S2,Review Application,2026-07-29T13:43:48Z,Public Security Department,complete,in_progress,under_review,104.15,V2_SingleSupplement
P1-C0051,Residence Permit Application and Additional Document Process,P1,Residence Permit Application Service,S2,Approve Application,2026-07-29T16:59:24Z,Public Security Department,complete,approved,approved,3.26,V2_SingleSupplement
P1-C0051,Residence Permit Application and Additional Document Process,P1,Residence Permit Application Service,S2,Notify Applicant,2026-07-29T17:16:12Z,CityStart Platform,complete,in_progress,approved,0.28,V2_SingleSupplement
P1-C0052,Residence Permit Application and Additional Document Process,P1,Residence Permit Application Service,S2,Submit Residence Permit Application,2026-07-17T14:55:48Z,Citizen,complete,in_progress,pending,0.93,V2_SingleSupplement
P1-C0052,Residence Permit Application and Additional Document Process,P1,Residence Permit Application Service,S2,Validate Identity,2026-07-17T19:33:36Z,Public Security Department,complete,in_progress,pending,4.63,V2_SingleSupplement
P1-C0052,Residence Permit Application and Additional Document Process,P1,Residence Permit Application Service,S2,Check Submitted Documents,2026-07-18T19:09:36Z,Public Security Department,complete,in_progress,pending,23.6,V2_SingleSupplement
P1-C0052,Residence Permit Application and Additional Document Process,P1,Residence Permit Application Service,S2,Request Additional Documents,2026-07-18T21:16:12Z,Public Security Department,complete,pending_documents,additional_documents_required,2.11,V2_SingleSupplement
P1-C0052,Residence Permit Application and Additional Document Process,P1,Residence Permit Application Service,S2,Submit Additional Documents,2026-07-21T13:57:00Z,Citizen,complete,in_progress,under_review,64.68,V2_SingleSupplement
P1-C0052,Residence Permit Application and Additional Document Process,P1,Residence Permit Application Service,S2,Check Submitted Documents,2026-07-22T02:26:24Z,Public Security Department,complete,in_progress,under_review,12.49,V2_SingleSupplement
P1-C0052,Residence Permit Application and Additional Document Process,P1,Residence Permit Application Service,S2,Review Application,2026-07-24T15:28:12Z,Public Security Department,complete,in_progress,under_review,61.03,V2_SingleSupplement
P1-C0052,Residence Permit Application and Additional Document Process,P1,Residence Permit Application Service,S2,Approve Application,2026-07-24T23:27:00Z,Public Security Department,complete,approved,approved,7.98,V2_SingleSupplement
P1-C0052,Residence Permit Application and Additional Document Process,P1,Residence Permit Application Service,S2,Notify Applicant,2026-07-24T23:45:00Z,CityStart Platform,complete,in_progress,approved,0.3,V2_SingleSupplement
P1-C0053,Residence Permit Application and Additional Document Process,P1,Residence Permit Application Service,S2,Submit Residence Permit Application,2026-07-07T13:31:48Z,Citizen,complete,in_progress,pending,0.53,V2_SingleSupplement
P1-C0053,Residence Permit Application and Additional Document Process,P1,Residence Permit Application Service,S2,Validate Identity,2026-07-07T20:58:12Z,Public Security Department,complete,in_progress,pending,7.44,V2_SingleSupplement
P1-C0053,Residence Permit Application and Additional Document Process,P1,Residence Permit Application Service,S2,Check Submitted Documents,2026-07-08T04:24:00Z,Public Security Department,complete,in_progress,pending,7.43,V2_SingleSupplement
P1-C0053,Residence Permit Application and Additional Document Process,P1,Residence Permit Application Service,S2,Request Additional Documents,2026-07-08T06:37:48Z,Public Security Department,complete,pending_documents,additional_documents_required,2.23,V2_SingleSupplement
P1-C0053,Residence Permit Application and Additional Document Process,P1,Residence Permit Application Service,S2,Submit Additional Documents,2026-07-10T17:28:48Z,Citizen,complete,in_progress,under_review,58.85,V2_SingleSupplement
P1-C0053,Residence Permit Application and Additional Document Process,P1,Residence Permit Application Service,S2,Check Submitted Documents,2026-07-11T04:44:24Z,Public Security Department,complete,in_progress,under_review,11.26,V2_SingleSupplement
P1-C0053,Residence Permit Application and Additional Document Process,P1,Residence Permit Application Service,S2,Review Application,2026-07-15T23:02:24Z,Public Security Department,complete,in_progress,under_review,114.3,V2_SingleSupplement
P1-C0053,Residence Permit Application and Additional Document Process,P1,Residence Permit Application Service,S2,Approve Application,2026-07-16T06:32:24Z,Public Security Department,complete,approved,approved,7.5,V2_SingleSupplement
P1-C0053,Residence Permit Application and Additional Document Process,P1,Residence Permit Application Service,S2,Notify Applicant,2026-07-16T06:54:36Z,CityStart Platform,complete,in_progress,approved,0.37,V2_SingleSupplement
P1-C0054,Residence Permit Application and Additional Document Process,P1,Residence Permit Application Service,S2,Submit Residence Permit Application,2026-07-10T13:45:00Z,Citizen,complete,in_progress,pending,0.75,V2_SingleSupplement
P1-C0054,Residence Permit Application and Additional Document Process,P1,Residence Permit Application Service,S2,Validate Identity,2026-07-10T17:22:48Z,Public Security Department,complete,in_progress,pending,3.63,V2_SingleSupplement
P1-C0054,Residence Permit Application and Additional Document Process,P1,Residence Permit Application Service,S2,Check Submitted Documents,2026-07-10T23:25:12Z,Public Security Department,complete,in_progress,pending,6.04,V2_SingleSupplement
P1-C0054,Residence Permit Application and Additional Document Process,P1,Residence Permit Application Service,S2,Request Additional Documents,2026-07-11T01:11:24Z,Public Security Department,complete,pending_documents,additional_documents_required,1.77,V2_SingleSupplement
P1-C0054,Residence Permit Application and Additional Document Process,P1,Residence Permit Application Service,S2,Submit Additional Documents,2026-07-12T06:25:48Z,Citizen,complete,in_progress,under_review,29.24,V2_SingleSupplement
P1-C0054,Residence Permit Application and Additional Document Process,P1,Residence Permit Application Service,S2,Check Submitted Documents,2026-07-12T17:00:36Z,Public Security Department,complete,in_progress,under_review,10.58,V2_SingleSupplement
P1-C0054,Residence Permit Application and Additional Document Process,P1,Residence Permit Application Service,S2,Review Application,2026-07-17T07:49:48Z,Public Security Department,complete,in_progress,under_review,110.82,V2_SingleSupplement
P1-C0054,Residence Permit Application and Additional Document Process,P1,Residence Permit Application Service,S2,Approve Application,2026-07-17T13:51:00Z,Public Security Department,complete,approved,approved,6.02,V2_SingleSupplement
P1-C0054,Residence Permit Application and Additional Document Process,P1,Residence Permit Application Service,S2,Notify Applicant,2026-07-17T14:04:48Z,CityStart Platform,complete,in_progress,approved,0.23,V2_SingleSupplement
P1-C0055,Residence Permit Application and Additional Document Process,P1,Residence Permit Application Service,S2,Submit Residence Permit Application,2026-07-21T15:51:36Z,Citizen,complete,in_progress,pending,0.86,V2_SingleSupplement
P1-C0055,Residence Permit Application and Additional Document Process,P1,Residence Permit Application Service,S2,Validate Identity,2026-07-21T17:54:36Z,Public Security Department,complete,in_progress,pending,2.05,V2_SingleSupplement
P1-C0055,Residence Permit Application and Additional Document Process,P1,Residence Permit Application Service,S2,Check Submitted Documents,2026-07-22T02:51:36Z,Public Security Department,complete,in_progress,pending,8.95,V2_SingleSupplement
P1-C0055,Residence Permit Application and Additional Document Process,P1,Residence Permit Application Service,S2,Request Additional Documents,2026-07-22T07:57:36Z,Public Security Department,complete,pending_documents,additional_documents_required,5.1,V2_SingleSupplement
P1-C0055,Residence Permit Application and Additional Document Process,P1,Residence Permit Application Service,S2,Submit Additional Documents,2026-07-24T08:31:12Z,Citizen,complete,in_progress,under_review,48.56,V2_SingleSupplement
P1-C0055,Residence Permit Application and Additional Document Process,P1,Residence Permit Application Service,S2,Check Submitted Documents,2026-07-24T23:10:12Z,Public Security Department,complete,in_progress,under_review,14.65,V2_SingleSupplement
P1-C0055,Residence Permit Application and Additional Document Process,P1,Residence Permit Application Service,S2,Review Application,2026-07-28T08:42:36Z,Public Security Department,complete,in_progress,under_review,81.54,V2_SingleSupplement
P1-C0055,Residence Permit Application and Additional Document Process,P1,Residence Permit Application Service,S2,Approve Application,2026-07-28T15:54:00Z,Public Security Department,complete,approved,approved,7.19,V2_SingleSupplement
P1-C0055,Residence Permit Application and Additional Document Process,P1,Residence Permit Application Service,S2,Notify Applicant,2026-07-28T16:21:00Z,CityStart Platform,complete,in_progress,approved,0.45,V2_SingleSupplement
P1-C0056,Residence Permit Application and Additional Document Process,P1,Residence Permit Application Service,S2,Submit Residence Permit Application,2026-07-12T17:58:12Z,Citizen,complete,in_progress,pending,0.97,V2_SingleSupplement
P1-C0056,Residence Permit Application and Additional Document Process,P1,Residence Permit Application Service,S2,Validate Identity,2026-07-12T20:48:00Z,Public Security Department,complete,in_progress,pending,2.83,V2_SingleSupplement
P1-C0056,Residence Permit Application and Additional Document Process,P1,Residence Permit Application Service,S2,Check Submitted Documents,2026-07-13T13:51:36Z,Public Security Department,complete,in_progress,pending,17.06,V2_SingleSupplement
P1-C0056,Residence Permit Application and Additional Document Process,P1,Residence Permit Application Service,S2,Request Additional Documents,2026-07-13T17:36:00Z,Public Security Department,complete,pending_documents,additional_documents_required,3.74,V2_SingleSupplement
P1-C0056,Residence Permit Application and Additional Document Process,P1,Residence Permit Application Service,S2,Submit Additional Documents,2026-07-17T10:41:24Z,Citizen,complete,in_progress,under_review,89.09,V2_SingleSupplement
P1-C0056,Residence Permit Application and Additional Document Process,P1,Residence Permit Application Service,S2,Check Submitted Documents,2026-07-17T18:00:00Z,Public Security Department,complete,in_progress,under_review,7.31,V2_SingleSupplement
P1-C0056,Residence Permit Application and Additional Document Process,P1,Residence Permit Application Service,S2,Review Application,2026-07-20T23:52:48Z,Public Security Department,complete,in_progress,under_review,77.88,V2_SingleSupplement
P1-C0056,Residence Permit Application and Additional Document Process,P1,Residence Permit Application Service,S2,Approve Application,2026-07-21T04:25:12Z,Public Security Department,complete,approved,approved,4.54,V2_SingleSupplement
P1-C0056,Residence Permit Application and Additional Document Process,P1,Residence Permit Application Service,S2,Notify Applicant,2026-07-21T04:37:48Z,CityStart Platform,complete,in_progress,approved,0.21,V2_SingleSupplement
P1-C0057,Residence Permit Application and Additional Document Process,P1,Residence Permit Application Service,S2,Submit Residence Permit Application,2026-07-07T16:03:00Z,Citizen,complete,in_progress,pending,1.05,V2_SingleSupplement
P1-C0057,Residence Permit Application and Additional Document Process,P1,Residence Permit Application Service,S2,Validate Identity,2026-07-07T20:22:48Z,Public Security Department,complete,in_progress,pending,4.33,V2_SingleSupplement
P1-C0057,Residence Permit Application and Additional Document Process,P1,Residence Permit Application Service,S2,Check Submitted Documents,2026-07-08T02:18:00Z,Public Security Department,complete,in_progress,pending,5.92,V2_SingleSupplement
P1-C0057,Residence Permit Application and Additional Document Process,P1,Residence Permit Application Service,S2,Request Additional Documents,2026-07-08T05:41:24Z,Public Security Department,complete,pending_documents,additional_documents_required,3.39,V2_SingleSupplement
P1-C0057,Residence Permit Application and Additional Document Process,P1,Residence Permit Application Service,S2,Submit Additional Documents,2026-07-11T16:14:24Z,Citizen,complete,in_progress,under_review,82.55,V2_SingleSupplement
P1-C0057,Residence Permit Application and Additional Document Process,P1,Residence Permit Application Service,S2,Check Submitted Documents,2026-07-12T03:44:24Z,Public Security Department,complete,in_progress,under_review,11.5,V2_SingleSupplement
P1-C0057,Residence Permit Application and Additional Document Process,P1,Residence Permit Application Service,S2,Review Application,2026-07-14T14:25:12Z,Public Security Department,complete,in_progress,under_review,58.68,V2_SingleSupplement
P1-C0057,Residence Permit Application and Additional Document Process,P1,Residence Permit Application Service,S2,Approve Application,2026-07-14T18:10:48Z,Public Security Department,complete,approved,approved,3.76,V2_SingleSupplement
P1-C0057,Residence Permit Application and Additional Document Process,P1,Residence Permit Application Service,S2,Notify Applicant,2026-07-14T18:40:12Z,CityStart Platform,complete,in_progress,approved,0.49,V2_SingleSupplement
P1-C0058,Residence Permit Application and Additional Document Process,P1,Residence Permit Application Service,S2,Submit Residence Permit Application,2026-07-19T11:47:24Z,Citizen,complete,in_progress,pending,0.79,V2_SingleSupplement
P1-C0058,Residence Permit Application and Additional Document Process,P1,Residence Permit Application Service,S2,Validate Identity,2026-07-19T14:24:36Z,Public Security Department,complete,in_progress,pending,2.62,V2_SingleSupplement
P1-C0058,Residence Permit Application and Additional Document Process,P1,Residence Permit Application Service,S2,Check Submitted Documents,2026-07-20T09:58:12Z,Public Security Department,complete,in_progress,pending,19.56,V2_SingleSupplement
P1-C0058,Residence Permit Application and Additional Document Process,P1,Residence Permit Application Service,S2,Request Additional Documents,2026-07-20T12:18:00Z,Public Security Department,complete,pending_documents,additional_documents_required,2.33,V2_SingleSupplement
P1-C0058,Residence Permit Application and Additional Document Process,P1,Residence Permit Application Service,S2,Submit Additional Documents,2026-07-24T07:03:00Z,Citizen,complete,in_progress,under_review,90.75,V2_SingleSupplement
P1-C0058,Residence Permit Application and Additional Document Process,P1,Residence Permit Application Service,S2,Check Submitted Documents,2026-07-24T13:34:12Z,Public Security Department,complete,in_progress,under_review,6.52,V2_SingleSupplement
P1-C0058,Residence Permit Application and Additional Document Process,P1,Residence Permit Application Service,S2,Review Application,2026-07-30T20:10:12Z,Public Security Department,complete,in_progress,under_review,150.6,V2_SingleSupplement
P1-C0058,Residence Permit Application and Additional Document Process,P1,Residence Permit Application Service,S2,Approve Application,2026-07-31T03:22:48Z,Public Security Department,complete,approved,approved,7.21,V2_SingleSupplement
P1-C0058,Residence Permit Application and Additional Document Process,P1,Residence Permit Application Service,S2,Notify Applicant,2026-07-31T03:54:00Z,CityStart Platform,complete,in_progress,approved,0.52,V2_SingleSupplement
P1-C0059,Residence Permit Application and Additional Document Process,P1,Residence Permit Application Service,S2,Submit Residence Permit Application,2026-07-03T12:28:48Z,Citizen,complete,in_progress,pending,0.48,V2_SingleSupplement
P1-C0059,Residence Permit Application and Additional Document Process,P1,Residence Permit Application Service,S2,Validate Identity,2026-07-03T14:50:24Z,Public Security Department,complete,in_progress,pending,2.36,V2_SingleSupplement
P1-C0059,Residence Permit Application and Additional Document Process,P1,Residence Permit Application Service,S2,Check Submitted Documents,2026-07-04T01:55:12Z,Public Security Department,complete,in_progress,pending,11.08,V2_SingleSupplement
P1-C0059,Residence Permit Application and Additional Document Process,P1,Residence Permit Application Service,S2,Request Additional Documents,2026-07-04T07:13:48Z,Public Security Department,complete,pending_documents,additional_documents_required,5.31,V2_SingleSupplement
P1-C0059,Residence Permit Application and Additional Document Process,P1,Residence Permit Application Service,S2,Submit Additional Documents,2026-07-08T10:25:12Z,Citizen,complete,in_progress,under_review,99.19,V2_SingleSupplement
P1-C0059,Residence Permit Application and Additional Document Process,P1,Residence Permit Application Service,S2,Check Submitted Documents,2026-07-08T19:55:48Z,Public Security Department,complete,in_progress,under_review,9.51,V2_SingleSupplement
P1-C0059,Residence Permit Application and Additional Document Process,P1,Residence Permit Application Service,S2,Review Application,2026-07-13T15:25:48Z,Public Security Department,complete,in_progress,under_review,115.5,V2_SingleSupplement
P1-C0059,Residence Permit Application and Additional Document Process,P1,Residence Permit Application Service,S2,Approve Application,2026-07-13T23:48:36Z,Public Security Department,complete,approved,approved,8.38,V2_SingleSupplement
P1-C0059,Residence Permit Application and Additional Document Process,P1,Residence Permit Application Service,S2,Notify Applicant,2026-07-14T00:22:12Z,CityStart Platform,complete,in_progress,approved,0.56,V2_SingleSupplement
P1-C0060,Residence Permit Application and Additional Document Process,P1,Residence Permit Application Service,S2,Submit Residence Permit Application,2026-07-12T10:22:12Z,Citizen,complete,in_progress,pending,0.37,V2_SingleSupplement
P1-C0060,Residence Permit Application and Additional Document Process,P1,Residence Permit Application Service,S2,Validate Identity,2026-07-12T16:15:00Z,Public Security Department,complete,in_progress,pending,5.88,V2_SingleSupplement
P1-C0060,Residence Permit Application and Additional Document Process,P1,Residence Permit Application Service,S2,Check Submitted Documents,2026-07-13T03:43:12Z,Public Security Department,complete,in_progress,pending,11.47,V2_SingleSupplement
P1-C0060,Residence Permit Application and Additional Document Process,P1,Residence Permit Application Service,S2,Request Additional Documents,2026-07-13T08:26:24Z,Public Security Department,complete,pending_documents,additional_documents_required,4.72,V2_SingleSupplement
P1-C0060,Residence Permit Application and Additional Document Process,P1,Residence Permit Application Service,S2,Submit Additional Documents,2026-07-15T02:09:00Z,Citizen,complete,in_progress,under_review,41.71,V2_SingleSupplement
P1-C0060,Residence Permit Application and Additional Document Process,P1,Residence Permit Application Service,S2,Check Submitted Documents,2026-07-15T20:09:36Z,Public Security Department,complete,in_progress,under_review,18.01,V2_SingleSupplement
P1-C0060,Residence Permit Application and Additional Document Process,P1,Residence Permit Application Service,S2,Review Application,2026-07-19T21:23:24Z,Public Security Department,complete,in_progress,under_review,97.23,V2_SingleSupplement
P1-C0060,Residence Permit Application and Additional Document Process,P1,Residence Permit Application Service,S2,Approve Application,2026-07-20T02:52:12Z,Public Security Department,complete,approved,approved,5.48,V2_SingleSupplement
P1-C0060,Residence Permit Application and Additional Document Process,P1,Residence Permit Application Service,S2,Notify Applicant,2026-07-20T03:06:36Z,CityStart Platform,complete,in_progress,approved,0.24,V2_SingleSupplement
P1-C0061,Residence Permit Application and Additional Document Process,P1,Residence Permit Application Service,S2,Submit Residence Permit Application,2026-07-20T09:17:24Z,Citizen,complete,in_progress,pending,0.29,V2_SingleSupplement
P1-C0061,Residence Permit Application and Additional Document Process,P1,Residence Permit Application Service,S2,Validate Identity,2026-07-20T14:16:48Z,Public Security Department,complete,in_progress,pending,4.99,V2_SingleSupplement
P1-C0061,Residence Permit Application and Additional Document Process,P1,Residence Permit Application Service,S2,Check Submitted Documents,2026-07-20T20:37:48Z,Public Security Department,complete,in_progress,pending,6.35,V2_SingleSupplement
P1-C0061,Residence Permit Application and Additional Document Process,P1,Residence Permit Application Service,S2,Request Additional Documents,2026-07-20T21:57:36Z,Public Security Department,complete,pending_documents,additional_documents_required,1.33,V2_SingleSupplement
P1-C0061,Residence Permit Application and Additional Document Process,P1,Residence Permit Application Service,S2,Submit Additional Documents,2026-07-24T03:35:24Z,Citizen,complete,in_progress,under_review,77.63,V2_SingleSupplement
P1-C0061,Residence Permit Application and Additional Document Process,P1,Residence Permit Application Service,S2,Check Submitted Documents,2026-07-24T11:07:12Z,Public Security Department,complete,in_progress,under_review,7.53,V2_SingleSupplement
P1-C0061,Residence Permit Application and Additional Document Process,P1,Residence Permit Application Service,S2,Review Application,2026-07-27T05:57:00Z,Public Security Department,complete,in_progress,under_review,66.83,V2_SingleSupplement
P1-C0061,Residence Permit Application and Additional Document Process,P1,Residence Permit Application Service,S2,Approve Application,2026-07-27T12:58:48Z,Public Security Department,complete,approved,approved,7.03,V2_SingleSupplement
P1-C0061,Residence Permit Application and Additional Document Process,P1,Residence Permit Application Service,S2,Notify Applicant,2026-07-27T13:47:24Z,CityStart Platform,complete,in_progress,approved,0.81,V2_SingleSupplement
P1-C0062,Residence Permit Application and Additional Document Process,P1,Residence Permit Application Service,S2,Submit Residence Permit Application,2026-07-02T13:37:12Z,Citizen,complete,in_progress,pending,0.62,V2_SingleSupplement
P1-C0062,Residence Permit Application and Additional Document Process,P1,Residence Permit Application Service,S2,Validate Identity,2026-07-02T15:25:48Z,Public Security Department,complete,in_progress,pending,1.81,V2_SingleSupplement
P1-C0062,Residence Permit Application and Additional Document Process,P1,Residence Permit Application Service,S2,Check Submitted Documents,2026-07-03T04:02:24Z,Public Security Department,complete,in_progress,pending,12.61,V2_SingleSupplement
P1-C0062,Residence Permit Application and Additional Document Process,P1,Residence Permit Application Service,S2,Request Additional Documents,2026-07-03T05:45:36Z,Public Security Department,complete,pending_documents,additional_documents_required,1.72,V2_SingleSupplement
P1-C0062,Residence Permit Application and Additional Document Process,P1,Residence Permit Application Service,S2,Submit Additional Documents,2026-07-05T21:01:48Z,Citizen,complete,in_progress,under_review,63.27,V2_SingleSupplement
P1-C0062,Residence Permit Application and Additional Document Process,P1,Residence Permit Application Service,S2,Check Submitted Documents,2026-07-06T05:12:00Z,Public Security Department,complete,in_progress,under_review,8.17,V2_SingleSupplement
P1-C0062,Residence Permit Application and Additional Document Process,P1,Residence Permit Application Service,S2,Review Application,2026-07-10T11:06:36Z,Public Security Department,complete,in_progress,under_review,101.91,V2_SingleSupplement
P1-C0062,Residence Permit Application and Additional Document Process,P1,Residence Permit Application Service,S2,Approve Application,2026-07-10T14:31:48Z,Public Security Department,complete,approved,approved,3.42,V2_SingleSupplement
P1-C0062,Residence Permit Application and Additional Document Process,P1,Residence Permit Application Service,S2,Notify Applicant,2026-07-10T14:57:00Z,CityStart Platform,complete,in_progress,approved,0.42,V2_SingleSupplement
P1-C0063,Residence Permit Application and Additional Document Process,P1,Residence Permit Application Service,S2,Submit Residence Permit Application,2026-07-04T16:39:00Z,Citizen,complete,in_progress,pending,0.65,V2_SingleSupplement
P1-C0063,Residence Permit Application and Additional Document Process,P1,Residence Permit Application Service,S2,Validate Identity,2026-07-04T18:08:24Z,Public Security Department,complete,in_progress,pending,1.49,V2_SingleSupplement
P1-C0063,Residence Permit Application and Additional Document Process,P1,Residence Permit Application Service,S2,Check Submitted Documents,2026-07-05T12:49:12Z,Public Security Department,complete,in_progress,pending,18.68,V2_SingleSupplement
P1-C0063,Residence Permit Application and Additional Document Process,P1,Residence Permit Application Service,S2,Request Additional Documents,2026-07-05T15:10:48Z,Public Security Department,complete,pending_documents,additional_documents_required,2.36,V2_SingleSupplement
P1-C0063,Residence Permit Application and Additional Document Process,P1,Residence Permit Application Service,S2,Submit Additional Documents,2026-07-10T09:47:24Z,Citizen,complete,in_progress,under_review,114.61,V2_SingleSupplement
P1-C0063,Residence Permit Application and Additional Document Process,P1,Residence Permit Application Service,S2,Check Submitted Documents,2026-07-11T00:28:12Z,Public Security Department,complete,in_progress,under_review,14.68,V2_SingleSupplement
P1-C0063,Residence Permit Application and Additional Document Process,P1,Residence Permit Application Service,S2,Review Application,2026-07-16T03:55:48Z,Public Security Department,complete,in_progress,under_review,123.46,V2_SingleSupplement
P1-C0063,Residence Permit Application and Additional Document Process,P1,Residence Permit Application Service,S2,Approve Application,2026-07-16T08:40:48Z,Public Security Department,complete,approved,approved,4.75,V2_SingleSupplement
P1-C0063,Residence Permit Application and Additional Document Process,P1,Residence Permit Application Service,S2,Notify Applicant,2026-07-16T08:51:36Z,CityStart Platform,complete,in_progress,approved,0.18,V2_SingleSupplement
P1-C0064,Residence Permit Application and Additional Document Process,P1,Residence Permit Application Service,S2,Submit Residence Permit Application,2026-07-15T13:47:24Z,Citizen,complete,in_progress,pending,0.79,V2_SingleSupplement
P1-C0064,Residence Permit Application and Additional Document Process,P1,Residence Permit Application Service,S2,Validate Identity,2026-07-15T16:26:24Z,Public Security Department,complete,in_progress,pending,2.65,V2_SingleSupplement
P1-C0064,Residence Permit Application and Additional Document Process,P1,Residence Permit Application Service,S2,Check Submitted Documents,2026-07-16T06:30:36Z,Public Security Department,complete,in_progress,pending,14.07,V2_SingleSupplement
P1-C0064,Residence Permit Application and Additional Document Process,P1,Residence Permit Application Service,S2,Request Additional Documents,2026-07-16T09:16:12Z,Public Security Department,complete,pending_documents,additional_documents_required,2.76,V2_SingleSupplement
P1-C0064,Residence Permit Application and Additional Document Process,P1,Residence Permit Application Service,S2,Submit Additional Documents,2026-07-19T17:57:36Z,Citizen,complete,in_progress,under_review,80.69,V2_SingleSupplement
P1-C0064,Residence Permit Application and Additional Document Process,P1,Residence Permit Application Service,S2,Check Submitted Documents,2026-07-20T01:33:00Z,Public Security Department,complete,in_progress,under_review,7.59,V2_SingleSupplement
P1-C0064,Residence Permit Application and Additional Document Process,P1,Residence Permit Application Service,S2,Review Application,2026-07-22T18:40:12Z,Public Security Department,complete,in_progress,under_review,65.12,V2_SingleSupplement
P1-C0064,Residence Permit Application and Additional Document Process,P1,Residence Permit Application Service,S2,Approve Application,2026-07-23T04:40:12Z,Public Security Department,complete,approved,approved,10.0,V2_SingleSupplement
P1-C0064,Residence Permit Application and Additional Document Process,P1,Residence Permit Application Service,S2,Notify Applicant,2026-07-23T04:57:36Z,CityStart Platform,complete,in_progress,approved,0.29,V2_SingleSupplement
P1-C0065,Residence Permit Application and Additional Document Process,P1,Residence Permit Application Service,S2,Submit Residence Permit Application,2026-07-09T15:49:48Z,Citizen,complete,in_progress,pending,0.83,V2_SingleSupplement
P1-C0065,Residence Permit Application and Additional Document Process,P1,Residence Permit Application Service,S2,Validate Identity,2026-07-09T21:08:24Z,Public Security Department,complete,in_progress,pending,5.31,V2_SingleSupplement
P1-C0065,Residence Permit Application and Additional Document Process,P1,Residence Permit Application Service,S2,Check Submitted Documents,2026-07-10T16:09:00Z,Public Security Department,complete,in_progress,pending,19.01,V2_SingleSupplement
P1-C0065,Residence Permit Application and Additional Document Process,P1,Residence Permit Application Service,S2,Request Additional Documents,2026-07-10T18:41:24Z,Public Security Department,complete,pending_documents,additional_documents_required,2.54,V2_SingleSupplement
P1-C0065,Residence Permit Application and Additional Document Process,P1,Residence Permit Application Service,S2,Submit Additional Documents,2026-07-13T13:27:00Z,Citizen,complete,in_progress,under_review,66.76,V2_SingleSupplement
P1-C0065,Residence Permit Application and Additional Document Process,P1,Residence Permit Application Service,S2,Check Submitted Documents,2026-07-14T06:20:24Z,Public Security Department,complete,in_progress,under_review,16.89,V2_SingleSupplement
P1-C0065,Residence Permit Application and Additional Document Process,P1,Residence Permit Application Service,S2,Review Application,2026-07-17T20:25:12Z,Public Security Department,complete,in_progress,under_review,86.08,V2_SingleSupplement
P1-C0065,Residence Permit Application and Additional Document Process,P1,Residence Permit Application Service,S2,Approve Application,2026-07-18T03:39:36Z,Public Security Department,complete,approved,approved,7.24,V2_SingleSupplement
P1-C0065,Residence Permit Application and Additional Document Process,P1,Residence Permit Application Service,S2,Notify Applicant,2026-07-18T03:48:00Z,CityStart Platform,complete,in_progress,approved,0.14,V2_SingleSupplement
P1-C0066,Residence Permit Application and Additional Document Process,P1,Residence Permit Application Service,S2,Submit Residence Permit Application,2026-07-27T16:42:00Z,Citizen,complete,in_progress,pending,0.7,V3_ReviewRejection
P1-C0066,Residence Permit Application and Additional Document Process,P1,Residence Permit Application Service,S2,Validate Identity,2026-07-28T00:00:00Z,Public Security Department,complete,in_progress,pending,7.3,V3_ReviewRejection
P1-C0066,Residence Permit Application and Additional Document Process,P1,Residence Permit Application Service,S2,Check Submitted Documents,2026-07-28T09:42:00Z,Public Security Department,complete,in_progress,pending,9.7,V3_ReviewRejection
P1-C0066,Residence Permit Application and Additional Document Process,P1,Residence Permit Application Service,S2,Review Application,2026-08-01T14:48:00Z,Public Security Department,complete,in_progress,under_review,101.1,V3_ReviewRejection
P1-C0066,Residence Permit Application and Additional Document Process,P1,Residence Permit Application Service,S2,Reject Application,2026-08-01T22:21:00Z,Public Security Department,complete,rejected,rejected,7.55,V3_ReviewRejection
P1-C0066,Residence Permit Application and Additional Document Process,P1,Residence Permit Application Service,S2,Notify Applicant,2026-08-01T23:05:24Z,CityStart Platform,complete,in_progress,rejected,0.74,V3_ReviewRejection
P1-C0067,Residence Permit Application and Additional Document Process,P1,Residence Permit Application Service,S2,Submit Residence Permit Application,2026-07-02T12:19:12Z,Citizen,complete,in_progress,pending,1.32,V3_ReviewRejection
P1-C0067,Residence Permit Application and Additional Document Process,P1,Residence Permit Application Service,S2,Validate Identity,2026-07-02T18:12:00Z,Public Security Department,complete,in_progress,pending,5.88,V3_ReviewRejection
P1-C0067,Residence Permit Application and Additional Document Process,P1,Residence Permit Application Service,S2,Check Submitted Documents,2026-07-03T01:51:36Z,Public Security Department,complete,in_progress,pending,7.66,V3_ReviewRejection
P1-C0067,Residence Permit Application and Additional Document Process,P1,Residence Permit Application Service,S2,Review Application,2026-07-05T20:29:24Z,Public Security Department,complete,in_progress,under_review,66.63,V3_ReviewRejection
P1-C0067,Residence Permit Application and Additional Document Process,P1,Residence Permit Application Service,S2,Reject Application,2026-07-06T02:17:24Z,Public Security Department,complete,rejected,rejected,5.8,V3_ReviewRejection
P1-C0067,Residence Permit Application and Additional Document Process,P1,Residence Permit Application Service,S2,Notify Applicant,2026-07-06T02:54:00Z,CityStart Platform,complete,in_progress,rejected,0.61,V3_ReviewRejection
P1-C0068,Residence Permit Application and Additional Document Process,P1,Residence Permit Application Service,S2,Submit Residence Permit Application,2026-07-04T17:31:48Z,Citizen,complete,in_progress,pending,0.53,V3_ReviewRejection
P1-C0068,Residence Permit Application and Additional Document Process,P1,Residence Permit Application Service,S2,Validate Identity,2026-07-04T18:57:00Z,Public Security Department,complete,in_progress,pending,1.42,V3_ReviewRejection
P1-C0068,Residence Permit Application and Additional Document Process,P1,Residence Permit Application Service,S2,Check Submitted Documents,2026-07-05T04:15:00Z,Public Security Department,complete,in_progress,pending,9.3,V3_ReviewRejection
P1-C0068,Residence Permit Application and Additional Document Process,P1,Residence Permit Application Service,S2,Review Application,2026-07-08T05:55:48Z,Public Security Department,complete,in_progress,under_review,73.68,V3_ReviewRejection
P1-C0068,Residence Permit Application and Additional Document Process,P1,Residence Permit Application Service,S2,Reject Application,2026-07-08T13:35:24Z,Public Security Department,complete,rejected,rejected,7.66,V3_ReviewRejection
P1-C0068,Residence Permit Application and Additional Document Process,P1,Residence Permit Application Service,S2,Notify Applicant,2026-07-08T13:51:36Z,CityStart Platform,complete,in_progress,rejected,0.27,V3_ReviewRejection
P1-C0069,Residence Permit Application and Additional Document Process,P1,Residence Permit Application Service,S2,Submit Residence Permit Application,2026-07-17T17:37:12Z,Citizen,complete,in_progress,pending,0.62,V3_ReviewRejection
P1-C0069,Residence Permit Application and Additional Document Process,P1,Residence Permit Application Service,S2,Validate Identity,2026-07-17T22:03:00Z,Public Security Department,complete,in_progress,pending,4.43,V3_ReviewRejection
P1-C0069,Residence Permit Application and Additional Document Process,P1,Residence Permit Application Service,S2,Check Submitted Documents,2026-07-18T05:28:12Z,Public Security Department,complete,in_progress,pending,7.42,V3_ReviewRejection
P1-C0069,Residence Permit Application and Additional Document Process,P1,Residence Permit Application Service,S2,Review Application,2026-07-22T11:22:12Z,Public Security Department,complete,in_progress,under_review,101.9,V3_ReviewRejection
P1-C0069,Residence Permit Application and Additional Document Process,P1,Residence Permit Application Service,S2,Reject Application,2026-07-22T17:49:48Z,Public Security Department,complete,rejected,rejected,6.46,V3_ReviewRejection
P1-C0069,Residence Permit Application and Additional Document Process,P1,Residence Permit Application Service,S2,Notify Applicant,2026-07-22T18:13:12Z,CityStart Platform,complete,in_progress,rejected,0.39,V3_ReviewRejection
P1-C0070,Residence Permit Application and Additional Document Process,P1,Residence Permit Application Service,S2,Submit Residence Permit Application,2026-07-28T11:31:48Z,Citizen,complete,in_progress,pending,0.53,V3_ReviewRejection
P1-C0070,Residence Permit Application and Additional Document Process,P1,Residence Permit Application Service,S2,Validate Identity,2026-07-28T15:11:24Z,Public Security Department,complete,in_progress,pending,3.66,V3_ReviewRejection
P1-C0070,Residence Permit Application and Additional Document Process,P1,Residence Permit Application Service,S2,Check Submitted Documents,2026-07-29T13:41:24Z,Public Security Department,complete,in_progress,pending,22.5,V3_ReviewRejection
P1-C0070,Residence Permit Application and Additional Document Process,P1,Residence Permit Application Service,S2,Review Application,2026-08-01T10:26:24Z,Public Security Department,complete,in_progress,under_review,68.75,V3_ReviewRejection
P1-C0070,Residence Permit Application and Additional Document Process,P1,Residence Permit Application Service,S2,Reject Application,2026-08-01T20:37:12Z,Public Security Department,complete,rejected,rejected,10.18,V3_ReviewRejection
P1-C0070,Residence Permit Application and Additional Document Process,P1,Residence Permit Application Service,S2,Notify Applicant,2026-08-01T21:02:24Z,CityStart Platform,complete,in_progress,rejected,0.42,V3_ReviewRejection
P1-C0071,Residence Permit Application and Additional Document Process,P1,Residence Permit Application Service,S2,Submit Residence Permit Application,2026-07-02T17:03:00Z,Citizen,complete,in_progress,pending,1.05,V3_ReviewRejection
P1-C0071,Residence Permit Application and Additional Document Process,P1,Residence Permit Application Service,S2,Validate Identity,2026-07-02T19:54:00Z,Public Security Department,complete,in_progress,pending,2.85,V3_ReviewRejection
P1-C0071,Residence Permit Application and Additional Document Process,P1,Residence Permit Application Service,S2,Check Submitted Documents,2026-07-03T03:40:12Z,Public Security Department,complete,in_progress,pending,7.77,V3_ReviewRejection
P1-C0071,Residence Permit Application and Additional Document Process,P1,Residence Permit Application Service,S2,Review Application,2026-07-06T22:32:24Z,Public Security Department,complete,in_progress,under_review,90.87,V3_ReviewRejection
P1-C0071,Residence Permit Application and Additional Document Process,P1,Residence Permit Application Service,S2,Reject Application,2026-07-07T07:07:48Z,Public Security Department,complete,rejected,rejected,8.59,V3_ReviewRejection
P1-C0071,Residence Permit Application and Additional Document Process,P1,Residence Permit Application Service,S2,Notify Applicant,2026-07-07T07:24:00Z,CityStart Platform,complete,in_progress,rejected,0.27,V3_ReviewRejection
P1-C0072,Residence Permit Application and Additional Document Process,P1,Residence Permit Application Service,S2,Submit Residence Permit Application,2026-07-11T15:13:12Z,Citizen,complete,in_progress,pending,1.22,V3_ReviewRejection
P1-C0072,Residence Permit Application and Additional Document Process,P1,Residence Permit Application Service,S2,Validate Identity,2026-07-11T19:53:24Z,Public Security Department,complete,in_progress,pending,4.67,V3_ReviewRejection
P1-C0072,Residence Permit Application and Additional Document Process,P1,Residence Permit Application Service,S2,Check Submitted Documents,2026-07-12T01:22:12Z,Public Security Department,complete,in_progress,pending,5.48,V3_ReviewRejection
P1-C0072,Residence Permit Application and Additional Document Process,P1,Residence Permit Application Service,S2,Review Application,2026-07-17T05:44:24Z,Public Security Department,complete,in_progress,under_review,124.37,V3_ReviewRejection
P1-C0072,Residence Permit Application and Additional Document Process,P1,Residence Permit Application Service,S2,Reject Application,2026-07-17T12:16:48Z,Public Security Department,complete,rejected,rejected,6.54,V3_ReviewRejection
P1-C0072,Residence Permit Application and Additional Document Process,P1,Residence Permit Application Service,S2,Notify Applicant,2026-07-17T12:45:00Z,CityStart Platform,complete,in_progress,rejected,0.47,V3_ReviewRejection
P1-C0073,Residence Permit Application and Additional Document Process,P1,Residence Permit Application Service,S2,Submit Residence Permit Application,2026-07-22T13:44:24Z,Citizen,complete,in_progress,pending,0.74,V3_ReviewRejection
P1-C0073,Residence Permit Application and Additional Document Process,P1,Residence Permit Application Service,S2,Validate Identity,2026-07-22T17:01:48Z,Public Security Department,complete,in_progress,pending,3.29,V3_ReviewRejection
P1-C0073,Residence Permit Application and Additional Document Process,P1,Residence Permit Application Service,S2,Check Submitted Documents,2026-07-23T14:40:12Z,Public Security Department,complete,in_progress,pending,21.64,V3_ReviewRejection
P1-C0073,Residence Permit Application and Additional Document Process,P1,Residence Permit Application Service,S2,Review Application,2026-07-27T17:15:00Z,Public Security Department,complete,in_progress,under_review,98.58,V3_ReviewRejection
P1-C0073,Residence Permit Application and Additional Document Process,P1,Residence Permit Application Service,S2,Reject Application,2026-07-28T00:12:00Z,Public Security Department,complete,rejected,rejected,6.95,V3_ReviewRejection
P1-C0073,Residence Permit Application and Additional Document Process,P1,Residence Permit Application Service,S2,Notify Applicant,2026-07-28T00:38:24Z,CityStart Platform,complete,in_progress,rejected,0.44,V3_ReviewRejection
P1-C0074,Residence Permit Application and Additional Document Process,P1,Residence Permit Application Service,S2,Submit Residence Permit Application,2026-07-26T14:46:12Z,Citizen,complete,in_progress,pending,0.77,V3_ReviewRejection
P1-C0074,Residence Permit Application and Additional Document Process,P1,Residence Permit Application Service,S2,Validate Identity,2026-07-26T18:49:12Z,Public Security Department,complete,in_progress,pending,4.05,V3_ReviewRejection
P1-C0074,Residence Permit Application and Additional Document Process,P1,Residence Permit Application Service,S2,Check Submitted Documents,2026-07-27T01:31:12Z,Public Security Department,complete,in_progress,pending,6.7,V3_ReviewRejection
P1-C0074,Residence Permit Application and Additional Document Process,P1,Residence Permit Application Service,S2,Review Application,2026-07-29T22:11:24Z,Public Security Department,complete,in_progress,under_review,68.67,V3_ReviewRejection
P1-C0074,Residence Permit Application and Additional Document Process,P1,Residence Permit Application Service,S2,Reject Application,2026-07-30T05:41:24Z,Public Security Department,complete,rejected,rejected,7.5,V3_ReviewRejection
P1-C0074,Residence Permit Application and Additional Document Process,P1,Residence Permit Application Service,S2,Notify Applicant,2026-07-30T06:18:00Z,CityStart Platform,complete,in_progress,rejected,0.61,V3_ReviewRejection
P1-C0075,Residence Permit Application and Additional Document Process,P1,Residence Permit Application Service,S2,Submit Residence Permit Application,2026-07-09T13:43:12Z,Citizen,complete,in_progress,pending,0.72,V3_ReviewRejection
P1-C0075,Residence Permit Application and Additional Document Process,P1,Residence Permit Application Service,S2,Validate Identity,2026-07-09T16:26:24Z,Public Security Department,complete,in_progress,pending,2.72,V3_ReviewRejection
P1-C0075,Residence Permit Application and Additional Document Process,P1,Residence Permit Application Service,S2,Check Submitted Documents,2026-07-10T11:21:00Z,Public Security Department,complete,in_progress,pending,18.91,V3_ReviewRejection
P1-C0075,Residence Permit Application and Additional Document Process,P1,Residence Permit Application Service,S2,Review Application,2026-07-15T23:51:00Z,Public Security Department,complete,in_progress,under_review,132.5,V3_ReviewRejection
P1-C0075,Residence Permit Application and Additional Document Process,P1,Residence Permit Application Service,S2,Reject Application,2026-07-16T04:36:36Z,Public Security Department,complete,rejected,rejected,4.76,V3_ReviewRejection
P1-C0075,Residence Permit Application and Additional Document Process,P1,Residence Permit Application Service,S2,Notify Applicant,2026-07-16T05:10:48Z,CityStart Platform,complete,in_progress,rejected,0.57,V3_ReviewRejection
P1-C0076,Residence Permit Application and Additional Document Process,P1,Residence Permit Application Service,S2,Submit Residence Permit Application,2026-07-30T10:39:00Z,Citizen,complete,in_progress,pending,0.65,V3_ReviewRejection
P1-C0076,Residence Permit Application and Additional Document Process,P1,Residence Permit Application Service,S2,Validate Identity,2026-07-30T13:52:48Z,Public Security Department,complete,in_progress,pending,3.23,V3_ReviewRejection
P1-C0076,Residence Permit Application and Additional Document Process,P1,Residence Permit Application Service,S2,Check Submitted Documents,2026-07-30T18:10:12Z,Public Security Department,complete,in_progress,pending,4.29,V3_ReviewRejection
P1-C0076,Residence Permit Application and Additional Document Process,P1,Residence Permit Application Service,S2,Review Application,2026-08-03T11:12:00Z,Public Security Department,complete,in_progress,under_review,89.03,V3_ReviewRejection
P1-C0076,Residence Permit Application and Additional Document Process,P1,Residence Permit Application Service,S2,Reject Application,2026-08-03T15:13:48Z,Public Security Department,complete,rejected,rejected,4.03,V3_ReviewRejection
P1-C0076,Residence Permit Application and Additional Document Process,P1,Residence Permit Application Service,S2,Notify Applicant,2026-08-03T15:58:48Z,CityStart Platform,complete,in_progress,rejected,0.75,V3_ReviewRejection
P1-C0077,Residence Permit Application and Additional Document Process,P1,Residence Permit Application Service,S2,Submit Residence Permit Application,2026-07-23T15:58:12Z,Citizen,complete,in_progress,pending,0.97,V3_ReviewRejection
P1-C0077,Residence Permit Application and Additional Document Process,P1,Residence Permit Application Service,S2,Validate Identity,2026-07-23T18:14:24Z,Public Security Department,complete,in_progress,pending,2.27,V3_ReviewRejection
P1-C0077,Residence Permit Application and Additional Document Process,P1,Residence Permit Application Service,S2,Check Submitted Documents,2026-07-24T03:21:00Z,Public Security Department,complete,in_progress,pending,9.11,V3_ReviewRejection
P1-C0077,Residence Permit Application and Additional Document Process,P1,Residence Permit Application Service,S2,Review Application,2026-07-27T06:28:48Z,Public Security Department,complete,in_progress,under_review,75.13,V3_ReviewRejection
P1-C0077,Residence Permit Application and Additional Document Process,P1,Residence Permit Application Service,S2,Reject Application,2026-07-27T16:54:36Z,Public Security Department,complete,rejected,rejected,10.43,V3_ReviewRejection
P1-C0077,Residence Permit Application and Additional Document Process,P1,Residence Permit Application Service,S2,Notify Applicant,2026-07-27T17:18:00Z,CityStart Platform,complete,in_progress,rejected,0.39,V3_ReviewRejection
P1-C0078,Residence Permit Application and Additional Document Process,P1,Residence Permit Application Service,S2,Submit Residence Permit Application,2026-07-30T16:39:00Z,Citizen,complete,in_progress,pending,0.65,V3_ReviewRejection
P1-C0078,Residence Permit Application and Additional Document Process,P1,Residence Permit Application Service,S2,Validate Identity,2026-07-30T19:13:48Z,Public Security Department,complete,in_progress,pending,2.58,V3_ReviewRejection
P1-C0078,Residence Permit Application and Additional Document Process,P1,Residence Permit Application Service,S2,Check Submitted Documents,2026-07-31T03:48:00Z,Public Security Department,complete,in_progress,pending,8.57,V3_ReviewRejection
P1-C0078,Residence Permit Application and Additional Document Process,P1,Residence Permit Application Service,S2,Review Application,2026-08-03T04:26:24Z,Public Security Department,complete,in_progress,under_review,72.64,V3_ReviewRejection
P1-C0078,Residence Permit Application and Additional Document Process,P1,Residence Permit Application Service,S2,Reject Application,2026-08-03T09:01:12Z,Public Security Department,complete,rejected,rejected,4.58,V3_ReviewRejection
P1-C0078,Residence Permit Application and Additional Document Process,P1,Residence Permit Application Service,S2,Notify Applicant,2026-08-03T09:33:00Z,CityStart Platform,complete,in_progress,rejected,0.53,V3_ReviewRejection
P1-C0079,Residence Permit Application and Additional Document Process,P1,Residence Permit Application Service,S2,Submit Residence Permit Application,2026-07-20T16:42:00Z,Citizen,complete,in_progress,pending,0.7,V3_ReviewRejection
P1-C0079,Residence Permit Application and Additional Document Process,P1,Residence Permit Application Service,S2,Validate Identity,2026-07-20T18:33:00Z,Public Security Department,complete,in_progress,pending,1.85,V3_ReviewRejection
P1-C0079,Residence Permit Application and Additional Document Process,P1,Residence Permit Application Service,S2,Check Submitted Documents,2026-07-21T05:09:36Z,Public Security Department,complete,in_progress,pending,10.61,V3_ReviewRejection
P1-C0079,Residence Permit Application and Additional Document Process,P1,Residence Permit Application Service,S2,Review Application,2026-07-25T03:19:48Z,Public Security Department,complete,in_progress,under_review,94.17,V3_ReviewRejection
P1-C0079,Residence Permit Application and Additional Document Process,P1,Residence Permit Application Service,S2,Reject Application,2026-07-25T11:30:36Z,Public Security Department,complete,rejected,rejected,8.18,V3_ReviewRejection
P1-C0079,Residence Permit Application and Additional Document Process,P1,Residence Permit Application Service,S2,Notify Applicant,2026-07-25T12:03:36Z,CityStart Platform,complete,in_progress,rejected,0.55,V3_ReviewRejection
P1-C0080,Residence Permit Application and Additional Document Process,P1,Residence Permit Application Service,S2,Submit Residence Permit Application,2026-07-18T13:13:12Z,Citizen,complete,in_progress,pending,1.22,V3_ReviewRejection
P1-C0080,Residence Permit Application and Additional Document Process,P1,Residence Permit Application Service,S2,Validate Identity,2026-07-18T17:42:36Z,Public Security Department,complete,in_progress,pending,4.49,V3_ReviewRejection
P1-C0080,Residence Permit Application and Additional Document Process,P1,Residence Permit Application Service,S2,Check Submitted Documents,2026-07-19T01:22:12Z,Public Security Department,complete,in_progress,pending,7.66,V3_ReviewRejection
P1-C0080,Residence Permit Application and Additional Document Process,P1,Residence Permit Application Service,S2,Review Application,2026-07-21T14:56:24Z,Public Security Department,complete,in_progress,under_review,61.57,V3_ReviewRejection
P1-C0080,Residence Permit Application and Additional Document Process,P1,Residence Permit Application Service,S2,Reject Application,2026-07-21T19:40:12Z,Public Security Department,complete,rejected,rejected,4.73,V3_ReviewRejection
P1-C0080,Residence Permit Application and Additional Document Process,P1,Residence Permit Application Service,S2,Notify Applicant,2026-07-21T20:12:36Z,CityStart Platform,complete,in_progress,rejected,0.54,V3_ReviewRejection
P1-C0081,Residence Permit Application and Additional Document Process,P1,Residence Permit Application Service,S2,Submit Residence Permit Application,2026-07-21T12:40:48Z,Citizen,complete,in_progress,pending,0.68,V4_MultipleSupplements
P1-C0081,Residence Permit Application and Additional Document Process,P1,Residence Permit Application Service,S2,Validate Identity,2026-07-21T14:41:24Z,Public Security Department,complete,in_progress,pending,2.01,V4_MultipleSupplements
P1-C0081,Residence Permit Application and Additional Document Process,P1,Residence Permit Application Service,S2,Check Submitted Documents,2026-07-21T22:06:00Z,Public Security Department,complete,in_progress,pending,7.41,V4_MultipleSupplements
P1-C0081,Residence Permit Application and Additional Document Process,P1,Residence Permit Application Service,S2,Request Additional Documents,2026-07-22T00:40:12Z,Public Security Department,complete,pending_documents,additional_documents_required,2.57,V4_MultipleSupplements
P1-C0081,Residence Permit Application and Additional Document Process,P1,Residence Permit Application Service,S2,Submit Additional Documents,2026-07-25T23:07:48Z,Citizen,complete,in_progress,under_review,94.46,V4_MultipleSupplements
P1-C0081,Residence Permit Application and Additional Document Process,P1,Residence Permit Application Service,S2,Check Submitted Documents,2026-07-26T09:38:24Z,Public Security Department,complete,in_progress,under_review,10.51,V4_MultipleSupplements
P1-C0081,Residence Permit Application and Additional Document Process,P1,Residence Permit Application Service,S2,Request Additional Documents,2026-07-26T12:07:48Z,Public Security Department,complete,pending_documents,additional_documents_required,2.49,V4_MultipleSupplements
P1-C0081,Residence Permit Application and Additional Document Process,P1,Residence Permit Application Service,S2,Submit Additional Documents,2026-07-30T05:10:48Z,Citizen,complete,in_progress,under_review,89.05,V4_MultipleSupplements
P1-C0081,Residence Permit Application and Additional Document Process,P1,Residence Permit Application Service,S2,Check Submitted Documents,2026-07-30T13:49:12Z,Public Security Department,complete,in_progress,under_review,8.64,V4_MultipleSupplements
P1-C0081,Residence Permit Application and Additional Document Process,P1,Residence Permit Application Service,S2,Review Application,2026-08-04T10:12:00Z,Public Security Department,complete,in_progress,under_review,116.38,V4_MultipleSupplements
P1-C0081,Residence Permit Application and Additional Document Process,P1,Residence Permit Application Service,S2,Approve Application,2026-08-04T19:34:12Z,Public Security Department,complete,approved,approved,9.37,V4_MultipleSupplements
P1-C0081,Residence Permit Application and Additional Document Process,P1,Residence Permit Application Service,S2,Notify Applicant,2026-08-04T20:04:12Z,CityStart Platform,complete,in_progress,approved,0.5,V4_MultipleSupplements
P1-C0082,Residence Permit Application and Additional Document Process,P1,Residence Permit Application Service,S2,Submit Residence Permit Application,2026-07-27T09:30:36Z,Citizen,complete,in_progress,pending,0.51,V4_MultipleSupplements
P1-C0082,Residence Permit Application and Additional Document Process,P1,Residence Permit Application Service,S2,Validate Identity,2026-07-27T16:16:12Z,Public Security Department,complete,in_progress,pending,6.76,V4_MultipleSupplements
P1-C0082,Residence Permit Application and Additional Document Process,P1,Residence Permit Application Service,S2,Check Submitted Documents,2026-07-28T02:22:12Z,Public Security Department,complete,in_progress,pending,10.1,V4_MultipleSupplements
P1-C0082,Residence Permit Application and Additional Document Process,P1,Residence Permit Application Service,S2,Request Additional Documents,2026-07-28T03:44:24Z,Public Security Department,complete,pending_documents,additional_documents_required,1.37,V4_MultipleSupplements
P1-C0082,Residence Permit Application and Additional Document Process,P1,Residence Permit Application Service,S2,Submit Additional Documents,2026-07-30T18:16:48Z,Citizen,complete,in_progress,under_review,62.54,V4_MultipleSupplements
P1-C0082,Residence Permit Application and Additional Document Process,P1,Residence Permit Application Service,S2,Check Submitted Documents,2026-07-31T03:42:36Z,Public Security Department,complete,in_progress,under_review,9.43,V4_MultipleSupplements
P1-C0082,Residence Permit Application and Additional Document Process,P1,Residence Permit Application Service,S2,Request Additional Documents,2026-07-31T05:36:36Z,Public Security Department,complete,pending_documents,additional_documents_required,1.9,V4_MultipleSupplements
P1-C0082,Residence Permit Application and Additional Document Process,P1,Residence Permit Application Service,S2,Submit Additional Documents,2026-08-02T00:42:00Z,Citizen,complete,in_progress,under_review,43.09,V4_MultipleSupplements
P1-C0082,Residence Permit Application and Additional Document Process,P1,Residence Permit Application Service,S2,Check Submitted Documents,2026-08-02T08:21:36Z,Public Security Department,complete,in_progress,under_review,7.66,V4_MultipleSupplements
P1-C0082,Residence Permit Application and Additional Document Process,P1,Residence Permit Application Service,S2,Review Application,2026-08-07T01:54:00Z,Public Security Department,complete,in_progress,under_review,113.54,V4_MultipleSupplements
P1-C0082,Residence Permit Application and Additional Document Process,P1,Residence Permit Application Service,S2,Approve Application,2026-08-07T07:37:48Z,Public Security Department,complete,approved,approved,5.73,V4_MultipleSupplements
P1-C0082,Residence Permit Application and Additional Document Process,P1,Residence Permit Application Service,S2,Notify Applicant,2026-08-07T08:12:00Z,CityStart Platform,complete,in_progress,approved,0.57,V4_MultipleSupplements
P1-C0083,Residence Permit Application and Additional Document Process,P1,Residence Permit Application Service,S2,Submit Residence Permit Application,2026-07-29T10:42:36Z,Citizen,complete,in_progress,pending,0.71,V4_MultipleSupplements
P1-C0083,Residence Permit Application and Additional Document Process,P1,Residence Permit Application Service,S2,Validate Identity,2026-07-29T17:00:36Z,Public Security Department,complete,in_progress,pending,6.3,V4_MultipleSupplements
P1-C0083,Residence Permit Application and Additional Document Process,P1,Residence Permit Application Service,S2,Check Submitted Documents,2026-07-30T12:08:24Z,Public Security Department,complete,in_progress,pending,19.13,V4_MultipleSupplements
P1-C0083,Residence Permit Application and Additional Document Process,P1,Residence Permit Application Service,S2,Request Additional Documents,2026-07-30T14:24:00Z,Public Security Department,complete,pending_documents,additional_documents_required,2.26,V4_MultipleSupplements
P1-C0083,Residence Permit Application and Additional Document Process,P1,Residence Permit Application Service,S2,Submit Additional Documents,2026-08-03T02:26:24Z,Citizen,complete,in_progress,under_review,84.04,V4_MultipleSupplements
P1-C0083,Residence Permit Application and Additional Document Process,P1,Residence Permit Application Service,S2,Check Submitted Documents,2026-08-03T12:19:12Z,Public Security Department,complete,in_progress,under_review,9.88,V4_MultipleSupplements
P1-C0083,Residence Permit Application and Additional Document Process,P1,Residence Permit Application Service,S2,Request Additional Documents,2026-08-03T15:19:48Z,Public Security Department,complete,pending_documents,additional_documents_required,3.01,V4_MultipleSupplements
P1-C0083,Residence Permit Application and Additional Document Process,P1,Residence Permit Application Service,S2,Submit Additional Documents,2026-08-05T15:52:48Z,Citizen,complete,in_progress,under_review,48.55,V4_MultipleSupplements
P1-C0083,Residence Permit Application and Additional Document Process,P1,Residence Permit Application Service,S2,Check Submitted Documents,2026-08-06T01:51:00Z,Public Security Department,complete,in_progress,under_review,9.97,V4_MultipleSupplements
P1-C0083,Residence Permit Application and Additional Document Process,P1,Residence Permit Application Service,S2,Review Application,2026-08-09T08:14:24Z,Public Security Department,complete,in_progress,under_review,78.39,V4_MultipleSupplements
P1-C0083,Residence Permit Application and Additional Document Process,P1,Residence Permit Application Service,S2,Approve Application,2026-08-09T13:22:48Z,Public Security Department,complete,approved,approved,5.14,V4_MultipleSupplements
P1-C0083,Residence Permit Application and Additional Document Process,P1,Residence Permit Application Service,S2,Notify Applicant,2026-08-09T13:49:12Z,CityStart Platform,complete,in_progress,approved,0.44,V4_MultipleSupplements
P1-C0084,Residence Permit Application and Additional Document Process,P1,Residence Permit Application Service,S2,Submit Residence Permit Application,2026-07-17T15:09:36Z,Citizen,complete,in_progress,pending,1.16,V4_MultipleSupplements
P1-C0084,Residence Permit Application and Additional Document Process,P1,Residence Permit Application Service,S2,Validate Identity,2026-07-17T20:09:00Z,Public Security Department,complete,in_progress,pending,4.99,V4_MultipleSupplements
P1-C0084,Residence Permit Application and Additional Document Process,P1,Residence Permit Application Service,S2,Check Submitted Documents,2026-07-18T04:27:36Z,Public Security Department,complete,in_progress,pending,8.31,V4_MultipleSupplements
P1-C0084,Residence Permit Application and Additional Document Process,P1,Residence Permit Application Service,S2,Request Additional Documents,2026-07-18T06:30:36Z,Public Security Department,complete,pending_documents,additional_documents_required,2.05,V4_MultipleSupplements
P1-C0084,Residence Permit Application and Additional Document Process,P1,Residence Permit Application Service,S2,Submit Additional Documents,2026-07-21T14:13:12Z,Citizen,complete,in_progress,under_review,79.71,V4_MultipleSupplements
P1-C0084,Residence Permit Application and Additional Document Process,P1,Residence Permit Application Service,S2,Check Submitted Documents,2026-07-21T23:57:00Z,Public Security Department,complete,in_progress,under_review,9.73,V4_MultipleSupplements
P1-C0084,Residence Permit Application and Additional Document Process,P1,Residence Permit Application Service,S2,Request Additional Documents,2026-07-22T02:15:36Z,Public Security Department,complete,pending_documents,additional_documents_required,2.31,V4_MultipleSupplements
P1-C0084,Residence Permit Application and Additional Document Process,P1,Residence Permit Application Service,S2,Submit Additional Documents,2026-07-25T09:30:00Z,Citizen,complete,in_progress,under_review,79.24,V4_MultipleSupplements
P1-C0084,Residence Permit Application and Additional Document Process,P1,Residence Permit Application Service,S2,Check Submitted Documents,2026-07-25T18:38:24Z,Public Security Department,complete,in_progress,under_review,9.14,V4_MultipleSupplements
P1-C0084,Residence Permit Application and Additional Document Process,P1,Residence Permit Application Service,S2,Review Application,2026-07-30T13:58:48Z,Public Security Department,complete,in_progress,under_review,115.34,V4_MultipleSupplements
P1-C0084,Residence Permit Application and Additional Document Process,P1,Residence Permit Application Service,S2,Approve Application,2026-07-30T17:23:24Z,Public Security Department,complete,approved,approved,3.41,V4_MultipleSupplements
P1-C0084,Residence Permit Application and Additional Document Process,P1,Residence Permit Application Service,S2,Notify Applicant,2026-07-30T18:15:00Z,CityStart Platform,complete,in_progress,approved,0.86,V4_MultipleSupplements
P1-C0085,Residence Permit Application and Additional Document Process,P1,Residence Permit Application Service,S2,Submit Residence Permit Application,2026-07-04T12:59:24Z,Citizen,complete,in_progress,pending,0.99,V4_MultipleSupplements
P1-C0085,Residence Permit Application and Additional Document Process,P1,Residence Permit Application Service,S2,Validate Identity,2026-07-04T18:37:12Z,Public Security Department,complete,in_progress,pending,5.63,V4_MultipleSupplements
P1-C0085,Residence Permit Application and Additional Document Process,P1,Residence Permit Application Service,S2,Check Submitted Documents,2026-07-05T04:08:24Z,Public Security Department,complete,in_progress,pending,9.52,V4_MultipleSupplements
P1-C0085,Residence Permit Application and Additional Document Process,P1,Residence Permit Application Service,S2,Request Additional Documents,2026-07-05T07:07:48Z,Public Security Department,complete,pending_documents,additional_documents_required,2.99,V4_MultipleSupplements
P1-C0085,Residence Permit Application and Additional Document Process,P1,Residence Permit Application Service,S2,Submit Additional Documents,2026-07-08T03:16:48Z,Citizen,complete,in_progress,under_review,68.15,V4_MultipleSupplements
P1-C0085,Residence Permit Application and Additional Document Process,P1,Residence Permit Application Service,S2,Check Submitted Documents,2026-07-08T21:09:36Z,Public Security Department,complete,in_progress,under_review,17.88,V4_MultipleSupplements
P1-C0085,Residence Permit Application and Additional Document Process,P1,Residence Permit Application Service,S2,Request Additional Documents,2026-07-08T23:49:12Z,Public Security Department,complete,pending_documents,additional_documents_required,2.66,V4_MultipleSupplements
P1-C0085,Residence Permit Application and Additional Document Process,P1,Residence Permit Application Service,S2,Submit Additional Documents,2026-07-12T13:39:00Z,Citizen,complete,in_progress,under_review,85.83,V4_MultipleSupplements
P1-C0085,Residence Permit Application and Additional Document Process,P1,Residence Permit Application Service,S2,Check Submitted Documents,2026-07-13T03:43:48Z,Public Security Department,complete,in_progress,under_review,14.08,V4_MultipleSupplements
P1-C0085,Residence Permit Application and Additional Document Process,P1,Residence Permit Application Service,S2,Review Application,2026-07-17T13:39:00Z,Public Security Department,complete,in_progress,under_review,105.92,V4_MultipleSupplements
P1-C0085,Residence Permit Application and Additional Document Process,P1,Residence Permit Application Service,S2,Approve Application,2026-07-18T00:52:12Z,Public Security Department,complete,approved,approved,11.22,V4_MultipleSupplements
P1-C0085,Residence Permit Application and Additional Document Process,P1,Residence Permit Application Service,S2,Notify Applicant,2026-07-18T01:32:24Z,CityStart Platform,complete,in_progress,approved,0.67,V4_MultipleSupplements
P1-C0086,Residence Permit Application and Additional Document Process,P1,Residence Permit Application Service,S2,Submit Residence Permit Application,2026-07-07T14:37:48Z,Citizen,complete,in_progress,pending,0.63,V4_MultipleSupplements
P1-C0086,Residence Permit Application and Additional Document Process,P1,Residence Permit Application Service,S2,Validate Identity,2026-07-07T17:22:12Z,Public Security Department,complete,in_progress,pending,2.74,V4_MultipleSupplements
P1-C0086,Residence Permit Application and Additional Document Process,P1,Residence Permit Application Service,S2,Check Submitted Documents,2026-07-08T02:03:00Z,Public Security Department,complete,in_progress,pending,8.68,V4_MultipleSupplements
P1-C0086,Residence Permit Application and Additional Document Process,P1,Residence Permit Application Service,S2,Request Additional Documents,2026-07-08T04:37:12Z,Public Security Department,complete,pending_documents,additional_documents_required,2.57,V4_MultipleSupplements
P1-C0086,Residence Permit Application and Additional Document Process,P1,Residence Permit Application Service,S2,Submit Additional Documents,2026-07-10T05:16:12Z,Citizen,complete,in_progress,under_review,48.65,V4_MultipleSupplements
P1-C0086,Residence Permit Application and Additional Document Process,P1,Residence Permit Application Service,S2,Check Submitted Documents,2026-07-10T13:49:48Z,Public Security Department,complete,in_progress,under_review,8.56,V4_MultipleSupplements
P1-C0086,Residence Permit Application and Additional Document Process,P1,Residence Permit Application Service,S2,Request Additional Documents,2026-07-10T16:40:48Z,Public Security Department,complete,pending_documents,additional_documents_required,2.85,V4_MultipleSupplements
P1-C0086,Residence Permit Application and Additional Document Process,P1,Residence Permit Application Service,S2,Submit Additional Documents,2026-07-14T04:20:24Z,Citizen,complete,in_progress,under_review,83.66,V4_MultipleSupplements
P1-C0086,Residence Permit Application and Additional Document Process,P1,Residence Permit Application Service,S2,Check Submitted Documents,2026-07-14T13:24:36Z,Public Security Department,complete,in_progress,under_review,9.07,V4_MultipleSupplements
P1-C0086,Residence Permit Application and Additional Document Process,P1,Residence Permit Application Service,S2,Review Application,2026-07-20T01:41:24Z,Public Security Department,complete,in_progress,under_review,132.28,V4_MultipleSupplements
P1-C0086,Residence Permit Application and Additional Document Process,P1,Residence Permit Application Service,S2,Approve Application,2026-07-20T04:57:00Z,Public Security Department,complete,approved,approved,3.26,V4_MultipleSupplements
P1-C0086,Residence Permit Application and Additional Document Process,P1,Residence Permit Application Service,S2,Notify Applicant,2026-07-20T05:13:48Z,CityStart Platform,complete,in_progress,approved,0.28,V4_MultipleSupplements
P1-C0087,Residence Permit Application and Additional Document Process,P1,Residence Permit Application Service,S2,Submit Residence Permit Application,2026-07-10T12:32:24Z,Citizen,complete,in_progress,pending,0.54,V4_MultipleSupplements
P1-C0087,Residence Permit Application and Additional Document Process,P1,Residence Permit Application Service,S2,Validate Identity,2026-07-10T19:46:12Z,Public Security Department,complete,in_progress,pending,7.23,V4_MultipleSupplements
P1-C0087,Residence Permit Application and Additional Document Process,P1,Residence Permit Application Service,S2,Check Submitted Documents,2026-07-11T08:33:00Z,Public Security Department,complete,in_progress,pending,12.78,V4_MultipleSupplements
P1-C0087,Residence Permit Application and Additional Document Process,P1,Residence Permit Application Service,S2,Request Additional Documents,2026-07-11T11:07:48Z,Public Security Department,complete,pending_documents,additional_documents_required,2.58,V4_MultipleSupplements
P1-C0087,Residence Permit Application and Additional Document Process,P1,Residence Permit Application Service,S2,Submit Additional Documents,2026-07-13T02:41:24Z,Citizen,complete,in_progress,under_review,39.56,V4_MultipleSupplements
P1-C0087,Residence Permit Application and Additional Document Process,P1,Residence Permit Application Service,S2,Check Submitted Documents,2026-07-13T13:40:48Z,Public Security Department,complete,in_progress,under_review,10.99,V4_MultipleSupplements
P1-C0087,Residence Permit Application and Additional Document Process,P1,Residence Permit Application Service,S2,Request Additional Documents,2026-07-13T16:46:48Z,Public Security Department,complete,pending_documents,additional_documents_required,3.1,V4_MultipleSupplements
P1-C0087,Residence Permit Application and Additional Document Process,P1,Residence Permit Application Service,S2,Submit Additional Documents,2026-07-15T21:37:48Z,Citizen,complete,in_progress,under_review,52.85,V4_MultipleSupplements
P1-C0087,Residence Permit Application and Additional Document Process,P1,Residence Permit Application Service,S2,Check Submitted Documents,2026-07-16T06:55:12Z,Public Security Department,complete,in_progress,under_review,9.29,V4_MultipleSupplements
P1-C0087,Residence Permit Application and Additional Document Process,P1,Residence Permit Application Service,S2,Review Application,2026-07-19T18:42:00Z,Public Security Department,complete,in_progress,under_review,83.78,V4_MultipleSupplements
P1-C0087,Residence Permit Application and Additional Document Process,P1,Residence Permit Application Service,S2,Approve Application,2026-07-19T21:48:00Z,Public Security Department,complete,approved,approved,3.1,V4_MultipleSupplements
P1-C0087,Residence Permit Application and Additional Document Process,P1,Residence Permit Application Service,S2,Notify Applicant,2026-07-19T22:31:12Z,CityStart Platform,complete,in_progress,approved,0.72,V4_MultipleSupplements
P1-C0088,Residence Permit Application and Additional Document Process,P1,Residence Permit Application Service,S2,Submit Residence Permit Application,2026-07-26T09:27:36Z,Citizen,complete,in_progress,pending,0.46,V4_MultipleSupplements
P1-C0088,Residence Permit Application and Additional Document Process,P1,Residence Permit Application Service,S2,Validate Identity,2026-07-26T15:16:48Z,Public Security Department,complete,in_progress,pending,5.82,V4_MultipleSupplements
P1-C0088,Residence Permit Application and Additional Document Process,P1,Residence Permit Application Service,S2,Check Submitted Documents,2026-07-27T04:00:00Z,Public Security Department,complete,in_progress,pending,12.72,V4_MultipleSupplements
P1-C0088,Residence Permit Application and Additional Document Process,P1,Residence Permit Application Service,S2,Request Additional Documents,2026-07-27T07:10:12Z,Public Security Department,complete,pending_documents,additional_documents_required,3.17,V4_MultipleSupplements
P1-C0088,Residence Permit Application and Additional Document Process,P1,Residence Permit Application Service,S2,Submit Additional Documents,2026-07-29T21:33:00Z,Citizen,complete,in_progress,under_review,62.38,V4_MultipleSupplements
P1-C0088,Residence Permit Application and Additional Document Process,P1,Residence Permit Application Service,S2,Check Submitted Documents,2026-07-30T11:09:36Z,Public Security Department,complete,in_progress,under_review,13.61,V4_MultipleSupplements
P1-C0088,Residence Permit Application and Additional Document Process,P1,Residence Permit Application Service,S2,Request Additional Documents,2026-07-30T15:53:24Z,Public Security Department,complete,pending_documents,additional_documents_required,4.73,V4_MultipleSupplements
P1-C0088,Residence Permit Application and Additional Document Process,P1,Residence Permit Application Service,S2,Submit Additional Documents,2026-08-01T19:28:48Z,Citizen,complete,in_progress,under_review,51.59,V4_MultipleSupplements
P1-C0088,Residence Permit Application and Additional Document Process,P1,Residence Permit Application Service,S2,Check Submitted Documents,2026-08-02T14:19:12Z,Public Security Department,complete,in_progress,under_review,18.84,V4_MultipleSupplements
P1-C0088,Residence Permit Application and Additional Document Process,P1,Residence Permit Application Service,S2,Review Application,2026-08-08T16:27:00Z,Public Security Department,complete,in_progress,under_review,146.13,V4_MultipleSupplements
P1-C0088,Residence Permit Application and Additional Document Process,P1,Residence Permit Application Service,S2,Approve Application,2026-08-09T01:42:00Z,Public Security Department,complete,approved,approved,9.25,V4_MultipleSupplements
P1-C0088,Residence Permit Application and Additional Document Process,P1,Residence Permit Application Service,S2,Notify Applicant,2026-08-09T02:13:12Z,CityStart Platform,complete,in_progress,approved,0.52,V4_MultipleSupplements
P1-C0089,Residence Permit Application and Additional Document Process,P1,Residence Permit Application Service,S2,Submit Residence Permit Application,2026-07-05T12:55:12Z,Citizen,complete,in_progress,pending,0.92,V4_MultipleSupplements
P1-C0089,Residence Permit Application and Additional Document Process,P1,Residence Permit Application Service,S2,Validate Identity,2026-07-05T17:09:00Z,Public Security Department,complete,in_progress,pending,4.23,V4_MultipleSupplements
P1-C0089,Residence Permit Application and Additional Document Process,P1,Residence Permit Application Service,S2,Check Submitted Documents,2026-07-06T01:07:48Z,Public Security Department,complete,in_progress,pending,7.98,V4_MultipleSupplements
P1-C0089,Residence Permit Application and Additional Document Process,P1,Residence Permit Application Service,S2,Request Additional Documents,2026-07-06T03:59:24Z,Public Security Department,complete,pending_documents,additional_documents_required,2.86,V4_MultipleSupplements
P1-C0089,Residence Permit Application and Additional Document Process,P1,Residence Permit Application Service,S2,Submit Additional Documents,2026-07-08T16:36:00Z,Citizen,complete,in_progress,under_review,60.61,V4_MultipleSupplements
P1-C0089,Residence Permit Application and Additional Document Process,P1,Residence Permit Application Service,S2,Check Submitted Documents,2026-07-09T03:24:36Z,Public Security Department,complete,in_progress,under_review,10.81,V4_MultipleSupplements
P1-C0089,Residence Permit Application and Additional Document Process,P1,Residence Permit Application Service,S2,Request Additional Documents,2026-07-09T07:19:12Z,Public Security Department,complete,pending_documents,additional_documents_required,3.91,V4_MultipleSupplements
P1-C0089,Residence Permit Application and Additional Document Process,P1,Residence Permit Application Service,S2,Submit Additional Documents,2026-07-12T12:56:24Z,Citizen,complete,in_progress,under_review,77.62,V4_MultipleSupplements
P1-C0089,Residence Permit Application and Additional Document Process,P1,Residence Permit Application Service,S2,Check Submitted Documents,2026-07-13T06:25:12Z,Public Security Department,complete,in_progress,under_review,17.48,V4_MultipleSupplements
P1-C0089,Residence Permit Application and Additional Document Process,P1,Residence Permit Application Service,S2,Review Application,2026-07-17T12:57:00Z,Public Security Department,complete,in_progress,under_review,102.53,V4_MultipleSupplements
P1-C0089,Residence Permit Application and Additional Document Process,P1,Residence Permit Application Service,S2,Approve Application,2026-07-17T17:09:36Z,Public Security Department,complete,approved,approved,4.21,V4_MultipleSupplements
P1-C0089,Residence Permit Application and Additional Document Process,P1,Residence Permit Application Service,S2,Notify Applicant,2026-07-17T17:51:00Z,CityStart Platform,complete,in_progress,approved,0.69,V4_MultipleSupplements
P1-C0090,Residence Permit Application and Additional Document Process,P1,Residence Permit Application Service,S2,Submit Residence Permit Application,2026-07-27T09:34:12Z,Citizen,complete,in_progress,pending,0.57,V4_MultipleSupplements
P1-C0090,Residence Permit Application and Additional Document Process,P1,Residence Permit Application Service,S2,Validate Identity,2026-07-27T14:04:48Z,Public Security Department,complete,in_progress,pending,4.51,V4_MultipleSupplements
P1-C0090,Residence Permit Application and Additional Document Process,P1,Residence Permit Application Service,S2,Check Submitted Documents,2026-07-28T01:51:36Z,Public Security Department,complete,in_progress,pending,11.78,V4_MultipleSupplements
P1-C0090,Residence Permit Application and Additional Document Process,P1,Residence Permit Application Service,S2,Request Additional Documents,2026-07-28T06:00:36Z,Public Security Department,complete,pending_documents,additional_documents_required,4.15,V4_MultipleSupplements
P1-C0090,Residence Permit Application and Additional Document Process,P1,Residence Permit Application Service,S2,Submit Additional Documents,2026-07-31T13:13:48Z,Citizen,complete,in_progress,under_review,79.22,V4_MultipleSupplements
P1-C0090,Residence Permit Application and Additional Document Process,P1,Residence Permit Application Service,S2,Check Submitted Documents,2026-08-01T03:12:36Z,Public Security Department,complete,in_progress,under_review,13.98,V4_MultipleSupplements
P1-C0090,Residence Permit Application and Additional Document Process,P1,Residence Permit Application Service,S2,Request Additional Documents,2026-08-01T08:32:24Z,Public Security Department,complete,pending_documents,additional_documents_required,5.33,V4_MultipleSupplements
P1-C0090,Residence Permit Application and Additional Document Process,P1,Residence Permit Application Service,S2,Submit Additional Documents,2026-08-03T07:00:36Z,Citizen,complete,in_progress,under_review,46.47,V4_MultipleSupplements
P1-C0090,Residence Permit Application and Additional Document Process,P1,Residence Permit Application Service,S2,Check Submitted Documents,2026-08-04T00:11:24Z,Public Security Department,complete,in_progress,under_review,17.18,V4_MultipleSupplements
P1-C0090,Residence Permit Application and Additional Document Process,P1,Residence Permit Application Service,S2,Review Application,2026-08-08T21:59:24Z,Public Security Department,complete,in_progress,under_review,117.8,V4_MultipleSupplements
P1-C0090,Residence Permit Application and Additional Document Process,P1,Residence Permit Application Service,S2,Approve Application,2026-08-09T06:04:12Z,Public Security Department,complete,approved,approved,8.08,V4_MultipleSupplements
P1-C0090,Residence Permit Application and Additional Document Process,P1,Residence Permit Application Service,S2,Notify Applicant,2026-08-09T06:22:12Z,CityStart Platform,complete,in_progress,approved,0.3,V4_MultipleSupplements
P1-C0091,Residence Permit Application and Additional Document Process,P1,Residence Permit Application Service,S2,Submit Residence Permit Application,2026-07-29T12:31:12Z,Citizen,complete,in_progress,pending,0.52,V5_IdentityFailure
P1-C0091,Residence Permit Application and Additional Document Process,P1,Residence Permit Application Service,S2,Validate Identity,2026-07-29T19:04:48Z,Public Security Department,complete,in_progress,pending,6.56,V5_IdentityFailure
P1-C0091,Residence Permit Application and Additional Document Process,P1,Residence Permit Application Service,S2,Reject Application,2026-07-29T23:31:12Z,Public Security Department,complete,rejected,rejected,4.44,V5_IdentityFailure
P1-C0091,Residence Permit Application and Additional Document Process,P1,Residence Permit Application Service,S2,Notify Applicant,2026-07-30T00:28:48Z,CityStart Platform,complete,in_progress,rejected,0.96,V5_IdentityFailure
P1-C0092,Residence Permit Application and Additional Document Process,P1,Residence Permit Application Service,S2,Submit Residence Permit Application,2026-07-14T11:38:24Z,Citizen,complete,in_progress,pending,0.64,V5_IdentityFailure
P1-C0092,Residence Permit Application and Additional Document Process,P1,Residence Permit Application Service,S2,Validate Identity,2026-07-14T13:52:48Z,Public Security Department,complete,in_progress,pending,2.24,V5_IdentityFailure
P1-C0092,Residence Permit Application and Additional Document Process,P1,Residence Permit Application Service,S2,Reject Application,2026-07-14T23:07:48Z,Public Security Department,complete,rejected,rejected,9.25,V5_IdentityFailure
P1-C0092,Residence Permit Application and Additional Document Process,P1,Residence Permit Application Service,S2,Notify Applicant,2026-07-14T23:35:24Z,CityStart Platform,complete,in_progress,rejected,0.46,V5_IdentityFailure
P1-C0093,Residence Permit Application and Additional Document Process,P1,Residence Permit Application Service,S2,Submit Residence Permit Application,2026-07-07T11:33:36Z,Citizen,complete,in_progress,pending,0.56,V5_IdentityFailure
P1-C0093,Residence Permit Application and Additional Document Process,P1,Residence Permit Application Service,S2,Validate Identity,2026-07-07T13:58:48Z,Public Security Department,complete,in_progress,pending,2.42,V5_IdentityFailure
P1-C0093,Residence Permit Application and Additional Document Process,P1,Residence Permit Application Service,S2,Reject Application,2026-07-07T17:29:24Z,Public Security Department,complete,rejected,rejected,3.51,V5_IdentityFailure
P1-C0093,Residence Permit Application and Additional Document Process,P1,Residence Permit Application Service,S2,Notify Applicant,2026-07-07T17:46:12Z,CityStart Platform,complete,in_progress,rejected,0.28,V5_IdentityFailure
P1-C0094,Residence Permit Application and Additional Document Process,P1,Residence Permit Application Service,S2,Submit Residence Permit Application,2026-07-26T13:43:48Z,Citizen,complete,in_progress,pending,0.73,V5_IdentityFailure
P1-C0094,Residence Permit Application and Additional Document Process,P1,Residence Permit Application Service,S2,Validate Identity,2026-07-26T16:37:48Z,Public Security Department,complete,in_progress,pending,2.9,V5_IdentityFailure
P1-C0094,Residence Permit Application and Additional Document Process,P1,Residence Permit Application Service,S2,Reject Application,2026-07-26T20:21:00Z,Public Security Department,complete,rejected,rejected,3.72,V5_IdentityFailure
P1-C0094,Residence Permit Application and Additional Document Process,P1,Residence Permit Application Service,S2,Notify Applicant,2026-07-26T20:42:00Z,CityStart Platform,complete,in_progress,rejected,0.35,V5_IdentityFailure
P1-C0095,Residence Permit Application and Additional Document Process,P1,Residence Permit Application Service,S2,Submit Residence Permit Application,2026-07-30T12:38:24Z,Citizen,complete,in_progress,pending,0.64,V5_IdentityFailure
P1-C0095,Residence Permit Application and Additional Document Process,P1,Residence Permit Application Service,S2,Validate Identity,2026-07-30T14:42:00Z,Public Security Department,complete,in_progress,pending,2.06,V5_IdentityFailure
P1-C0095,Residence Permit Application and Additional Document Process,P1,Residence Permit Application Service,S2,Reject Application,2026-07-30T18:46:12Z,Public Security Department,complete,rejected,rejected,4.07,V5_IdentityFailure
P1-C0095,Residence Permit Application and Additional Document Process,P1,Residence Permit Application Service,S2,Notify Applicant,2026-07-30T19:10:12Z,CityStart Platform,complete,in_progress,rejected,0.4,V5_IdentityFailure
P1-C0096,Residence Permit Application and Additional Document Process,P1,Residence Permit Application Service,S2,Submit Residence Permit Application,2026-07-24T14:28:12Z,Citizen,complete,in_progress,pending,0.47,V5_IdentityFailure
P1-C0096,Residence Permit Application and Additional Document Process,P1,Residence Permit Application Service,S2,Validate Identity,2026-07-24T18:58:12Z,Public Security Department,complete,in_progress,pending,4.5,V5_IdentityFailure
P1-C0096,Residence Permit Application and Additional Document Process,P1,Residence Permit Application Service,S2,Reject Application,2026-07-25T00:49:12Z,Public Security Department,complete,rejected,rejected,5.85,V5_IdentityFailure
P1-C0096,Residence Permit Application and Additional Document Process,P1,Residence Permit Application Service,S2,Notify Applicant,2026-07-25T01:13:12Z,CityStart Platform,complete,in_progress,rejected,0.4,V5_IdentityFailure
P1-C0097,Residence Permit Application and Additional Document Process,P1,Residence Permit Application Service,S2,Submit Residence Permit Application,2026-07-24T14:48:00Z,Citizen,complete,in_progress,pending,0.8,V6_DelayedReview
P1-C0097,Residence Permit Application and Additional Document Process,P1,Residence Permit Application Service,S2,Validate Identity,2026-07-24T17:27:00Z,Public Security Department,complete,in_progress,pending,2.65,V6_DelayedReview
P1-C0097,Residence Permit Application and Additional Document Process,P1,Residence Permit Application Service,S2,Check Submitted Documents,2026-07-25T03:22:12Z,Public Security Department,complete,in_progress,pending,9.92,V6_DelayedReview
P1-C0097,Residence Permit Application and Additional Document Process,P1,Residence Permit Application Service,S2,Review Application,2026-08-05T08:15:36Z,Public Security Department,complete,in_progress,under_review,268.89,V6_DelayedReview
P1-C0097,Residence Permit Application and Additional Document Process,P1,Residence Permit Application Service,S2,Approve Application,2026-08-05T13:31:48Z,Public Security Department,complete,approved,approved,5.27,V6_DelayedReview
P1-C0097,Residence Permit Application and Additional Document Process,P1,Residence Permit Application Service,S2,Notify Applicant,2026-08-05T14:07:12Z,CityStart Platform,complete,in_progress,approved,0.59,V6_DelayedReview
P1-C0098,Residence Permit Application and Additional Document Process,P1,Residence Permit Application Service,S2,Submit Residence Permit Application,2026-07-06T13:21:00Z,Citizen,complete,in_progress,pending,0.35,V6_DelayedReview
P1-C0098,Residence Permit Application and Additional Document Process,P1,Residence Permit Application Service,S2,Validate Identity,2026-07-06T15:48:36Z,Public Security Department,complete,in_progress,pending,2.46,V6_DelayedReview
P1-C0098,Residence Permit Application and Additional Document Process,P1,Residence Permit Application Service,S2,Check Submitted Documents,2026-07-07T06:25:12Z,Public Security Department,complete,in_progress,pending,14.61,V6_DelayedReview
P1-C0098,Residence Permit Application and Additional Document Process,P1,Residence Permit Application Service,S2,Review Application,2026-07-14T13:39:00Z,Public Security Department,complete,in_progress,under_review,175.23,V6_DelayedReview
P1-C0098,Residence Permit Application and Additional Document Process,P1,Residence Permit Application Service,S2,Approve Application,2026-07-14T20:57:00Z,Public Security Department,complete,approved,approved,7.3,V6_DelayedReview
P1-C0098,Residence Permit Application and Additional Document Process,P1,Residence Permit Application Service,S2,Notify Applicant,2026-07-14T21:31:12Z,CityStart Platform,complete,in_progress,approved,0.57,V6_DelayedReview
P1-C0099,Residence Permit Application and Additional Document Process,P1,Residence Permit Application Service,S2,Submit Residence Permit Application,2026-07-09T12:52:48Z,Citizen,complete,in_progress,pending,0.88,V6_DelayedReview
P1-C0099,Residence Permit Application and Additional Document Process,P1,Residence Permit Application Service,S2,Validate Identity,2026-07-09T16:36:00Z,Public Security Department,complete,in_progress,pending,3.72,V6_DelayedReview
P1-C0099,Residence Permit Application and Additional Document Process,P1,Residence Permit Application Service,S2,Check Submitted Documents,2026-07-10T02:05:24Z,Public Security Department,complete,in_progress,pending,9.49,V6_DelayedReview
P1-C0099,Residence Permit Application and Additional Document Process,P1,Residence Permit Application Service,S2,Review Application,2026-07-20T11:04:48Z,Public Security Department,complete,in_progress,under_review,248.99,V6_DelayedReview
P1-C0099,Residence Permit Application and Additional Document Process,P1,Residence Permit Application Service,S2,Approve Application,2026-07-20T20:07:48Z,Public Security Department,complete,approved,approved,9.05,V6_DelayedReview
P1-C0099,Residence Permit Application and Additional Document Process,P1,Residence Permit Application Service,S2,Notify Applicant,2026-07-20T20:45:00Z,CityStart Platform,complete,in_progress,approved,0.62,V6_DelayedReview
P1-C0100,Residence Permit Application and Additional Document Process,P1,Residence Permit Application Service,S2,Submit Residence Permit Application,2026-07-26T15:45:00Z,Citizen,complete,in_progress,pending,0.75,V6_DelayedReview
P1-C0100,Residence Permit Application and Additional Document Process,P1,Residence Permit Application Service,S2,Validate Identity,2026-07-26T17:39:36Z,Public Security Department,complete,in_progress,pending,1.91,V6_DelayedReview
P1-C0100,Residence Permit Application and Additional Document Process,P1,Residence Permit Application Service,S2,Check Submitted Documents,2026-07-27T01:55:48Z,Public Security Department,complete,in_progress,pending,8.27,V6_DelayedReview
P1-C0100,Residence Permit Application and Additional Document Process,P1,Residence Permit Application Service,S2,Review Application,2026-08-05T19:00:36Z,Public Security Department,complete,in_progress,under_review,233.08,V6_DelayedReview
P1-C0100,Residence Permit Application and Additional Document Process,P1,Residence Permit Application Service,S2,Approve Application,2026-08-06T01:25:48Z,Public Security Department,complete,approved,approved,6.42,V6_DelayedReview
P1-C0100,Residence Permit Application and Additional Document Process,P1,Residence Permit Application Service,S2,Notify Applicant,2026-08-06T01:56:24Z,CityStart Platform,complete,in_progress,approved,0.51,V6_DelayedReview
